pdf_file,pdf_url
9NALAM01.pdf,https://s3.amazonaws.com/dl.ncsbe.gov/data/SampleBallots/2009-11-03.zip
9NALAM02.pdf,https://s3.amazonaws.com/dl.ncsbe.gov/data/SampleBallots/2009-11-03.zip
9NALAM03.pdf,https://s3.amazonaws.com/dl.ncsbe.gov/data/SampleBallots/2009-11-03.zip
9NALAM04.pdf,https://s3.amazonaws.com/dl.ncsbe.gov/data/SampleBallots/2009-11-03.zip
9NALAM05.pdf,https://s3.amazonaws.com/dl.ncsbe.gov/data/SampleBallots/2009-11-03.zip
9NALAM06.pdf,https://s3.amazonaws.com/dl.ncsbe.gov/data/SampleBallots/2009-11-03.zip
9NALAM07.pdf,https://s3.amazonaws.com/dl.ncsbe.gov/data/SampleBallots/2009-11-03.zip
9NALAM08.pdf,https://s3.amazonaws.com/dl.ncsbe.gov/data/SampleBallots/2009-11-03.zip
9NALAM09.pdf,https://s3.amazonaws.com/dl.ncsbe.gov/data/SampleBallots/2009-11-03.zip
9NALAM10.pdf,https://s3.amazonaws.com/dl.ncsbe.gov/data/SampleBallots/2009-11-03.zip
9NALLE01.pdf,https://s3.amazonaws.com/dl.ncsbe.gov/data/SampleBallots/2009-11-03.zip
9NANSO01.pdf,https://s3.amazonaws.com/dl.ncsbe.gov/data/SampleBallots/2009-11-03.zip
9NANSO02.pdf,https://s3.amazonaws.com/dl.ncsbe.gov/data/SampleBallots/2009-11-03.zip
9NANSO03.pdf,https://s3.amazonaws.com/dl.ncsbe.gov/data/SampleBallots/2009-11-03.zip
9NANSO04.pdf,https://s3.amazonaws.com/dl.ncsbe.gov/data/SampleBallots/2009-11-03.zip
9NANSO05.pdf,https://s3.amazonaws.com/dl.ncsbe.gov/data/SampleBallots/2009-11-03.zip
9NANSO06.pdf,https://s3.amazonaws.com/dl.ncsbe.gov/data/SampleBallots/2009-11-03.zip
9NANSO07.pdf,https://s3.amazonaws.com/dl.ncsbe.gov/data/SampleBallots/2009-11-03.zip
9NASHE01.pdf,https://s3.amazonaws.com/dl.ncsbe.gov/data/SampleBallots/2009-11-03.zip
9NASHE02.pdf,https://s3.amazonaws.com/dl.ncsbe.gov/data/SampleBallots/2009-11-03.zip
9NASHE03.pdf,https://s3.amazonaws.com/dl.ncsbe.gov/data/SampleBallots/2009-11-03.zip
9NAVER01.pdf,https://s3.amazonaws.com/dl.ncsbe.gov/data/SampleBallots/2009-11-03.zip
9NAVER02.pdf,https://s3.amazonaws.com/dl.ncsbe.gov/data/SampleBallots/2009-11-03.zip
9NAVER03.pdf,https://s3.amazonaws.com/dl.ncsbe.gov/data/SampleBallots/2009-11-03.zip
9NAVER04.pdf,https://s3.amazonaws.com/dl.ncsbe.gov/data/SampleBallots/2009-11-03.zip
9NAVER05.pdf,https://s3.amazonaws.com/dl.ncsbe.gov/data/SampleBallots/2009-11-03.zip
9NAVER06.pdf,https://s3.amazonaws.com/dl.ncsbe.gov/data/SampleBallots/2009-11-03.zip
9NBEAU01.pdf,https://s3.amazonaws.com/dl.ncsbe.gov/data/SampleBallots/2009-11-03.zip
9NBEAU02.pdf,https://s3.amazonaws.com/dl.ncsbe.gov/data/SampleBallots/2009-11-03.zip
9NBEAU03.pdf,https://s3.amazonaws.com/dl.ncsbe.gov/data/SampleBallots/2009-11-03.zip
9NBEAU04.pdf,https://s3.amazonaws.com/dl.ncsbe.gov/data/SampleBallots/2009-11-03.zip
9NBEAU05.pdf,https://s3.amazonaws.com/dl.ncsbe.gov/data/SampleBallots/2009-11-03.zip
9NBEAU06.pdf,https://s3.amazonaws.com/dl.ncsbe.gov/data/SampleBallots/2009-11-03.zip
9NBEAU07.pdf,https://s3.amazonaws.com/dl.ncsbe.gov/data/SampleBallots/2009-11-03.zip
9NBERT01.pdf,https://s3.amazonaws.com/dl.ncsbe.gov/data/SampleBallots/2009-11-03.zip
9NBERT02.pdf,https://s3.amazonaws.com/dl.ncsbe.gov/data/SampleBallots/2009-11-03.zip
9NBERT03.pdf,https://s3.amazonaws.com/dl.ncsbe.gov/data/SampleBallots/2009-11-03.zip
9NBERT04.pdf,https://s3.amazonaws.com/dl.ncsbe.gov/data/SampleBallots/2009-11-03.zip
9NBERT05.pdf,https://s3.amazonaws.com/dl.ncsbe.gov/data/SampleBallots/2009-11-03.zip
9NBERT06.pdf,https://s3.amazonaws.com/dl.ncsbe.gov/data/SampleBallots/2009-11-03.zip
9NBERT07.pdf,https://s3.amazonaws.com/dl.ncsbe.gov/data/SampleBallots/2009-11-03.zip
9NBERT08.pdf,https://s3.amazonaws.com/dl.ncsbe.gov/data/SampleBallots/2009-11-03.zip
9NBERT09.pdf,https://s3.amazonaws.com/dl.ncsbe.gov/data/SampleBallots/2009-11-03.zip
9NBERT10.pdf,https://s3.amazonaws.com/dl.ncsbe.gov/data/SampleBallots/2009-11-03.zip
9NBERT11.pdf,https://s3.amazonaws.com/dl.ncsbe.gov/data/SampleBallots/2009-11-03.zip
9NBERT12.pdf,https://s3.amazonaws.com/dl.ncsbe.gov/data/SampleBallots/2009-11-03.zip
9NBERT13.pdf,https://s3.amazonaws.com/dl.ncsbe.gov/data/SampleBallots/2009-11-03.zip
9NBLAD01.pdf,https://s3.amazonaws.com/dl.ncsbe.gov/data/SampleBallots/2009-11-03.zip
9NBLAD02.pdf,https://s3.amazonaws.com/dl.ncsbe.gov/data/SampleBallots/2009-11-03.zip
9NBLAD03.pdf,https://s3.amazonaws.com/dl.ncsbe.gov/data/SampleBallots/2009-11-03.zip
9NBLAD04.pdf,https://s3.amazonaws.com/dl.ncsbe.gov/data/SampleBallots/2009-11-03.zip
9NBLAD05.pdf,https://s3.amazonaws.com/dl.ncsbe.gov/data/SampleBallots/2009-11-03.zip
9NBLAD06.pdf,https://s3.amazonaws.com/dl.ncsbe.gov/data/SampleBallots/2009-11-03.zip
9NBLAD07.pdf,https://s3.amazonaws.com/dl.ncsbe.gov/data/SampleBallots/2009-11-03.zip
9NBLAD08.pdf,https://s3.amazonaws.com/dl.ncsbe.gov/data/SampleBallots/2009-11-03.zip
9NBLAD09.pdf,https://s3.amazonaws.com/dl.ncsbe.gov/data/SampleBallots/2009-11-03.zip
9NBRUN01.pdf,https://s3.amazonaws.com/dl.ncsbe.gov/data/SampleBallots/2009-11-03.zip
9NBRUN02.pdf,https://s3.amazonaws.com/dl.ncsbe.gov/data/SampleBallots/2009-11-03.zip
9NBRUN03.pdf,https://s3.amazonaws.com/dl.ncsbe.gov/data/SampleBallots/2009-11-03.zip
9NBRUN04.pdf,https://s3.amazonaws.com/dl.ncsbe.gov/data/SampleBallots/2009-11-03.zip
9NBRUN05.pdf,https://s3.amazonaws.com/dl.ncsbe.gov/data/SampleBallots/2009-11-03.zip
9NBRUN06.pdf,https://s3.amazonaws.com/dl.ncsbe.gov/data/SampleBallots/2009-11-03.zip
9NBRUN07.pdf,https://s3.amazonaws.com/dl.ncsbe.gov/data/SampleBallots/2009-11-03.zip
9NBRUN08.pdf,https://s3.amazonaws.com/dl.ncsbe.gov/data/SampleBallots/2009-11-03.zip
9NBRUN09.pdf,https://s3.amazonaws.com/dl.ncsbe.gov/data/SampleBallots/2009-11-03.zip
9NBRUN10.pdf,https://s3.amazonaws.com/dl.ncsbe.gov/data/SampleBallots/2009-11-03.zip
9NBRUN11.pdf,https://s3.amazonaws.com/dl.ncsbe.gov/data/SampleBallots/2009-11-03.zip
9NBRUN12.pdf,https://s3.amazonaws.com/dl.ncsbe.gov/data/SampleBallots/2009-11-03.zip
9NBRUN13.pdf,https://s3.amazonaws.com/dl.ncsbe.gov/data/SampleBallots/2009-11-03.zip
9NBRUN14.pdf,https://s3.amazonaws.com/dl.ncsbe.gov/data/SampleBallots/2009-11-03.zip
9NBRUN15.pdf,https://s3.amazonaws.com/dl.ncsbe.gov/data/SampleBallots/2009-11-03.zip
9NBRUN16.pdf,https://s3.amazonaws.com/dl.ncsbe.gov/data/SampleBallots/2009-11-03.zip
9NBRUN17.pdf,https://s3.amazonaws.com/dl.ncsbe.gov/data/SampleBallots/2009-11-03.zip
9NBRUN18.pdf,https://s3.amazonaws.com/dl.ncsbe.gov/data/SampleBallots/2009-11-03.zip
9NBRUN19.pdf,https://s3.amazonaws.com/dl.ncsbe.gov/data/SampleBallots/2009-11-03.zip
9NBRUN20.pdf,https://s3.amazonaws.com/dl.ncsbe.gov/data/SampleBallots/2009-11-03.zip
9NBRUN21.pdf,https://s3.amazonaws.com/dl.ncsbe.gov/data/SampleBallots/2009-11-03.zip
9NBRUN22.pdf,https://s3.amazonaws.com/dl.ncsbe.gov/data/SampleBallots/2009-11-03.zip
9NBRUN23.pdf,https://s3.amazonaws.com/dl.ncsbe.gov/data/SampleBallots/2009-11-03.zip
9NBRUN24.pdf,https://s3.amazonaws.com/dl.ncsbe.gov/data/SampleBallots/2009-11-03.zip
9NBRUN25.pdf,https://s3.amazonaws.com/dl.ncsbe.gov/data/SampleBallots/2009-11-03.zip
9NBRUN26.pdf,https://s3.amazonaws.com/dl.ncsbe.gov/data/SampleBallots/2009-11-03.zip
9NBRUN27.pdf,https://s3.amazonaws.com/dl.ncsbe.gov/data/SampleBallots/2009-11-03.zip
9NBRUN28.pdf,https://s3.amazonaws.com/dl.ncsbe.gov/data/SampleBallots/2009-11-03.zip
9NBUNC01.pdf,https://s3.amazonaws.com/dl.ncsbe.gov/data/SampleBallots/2009-11-03.zip
9NBUNC02.pdf,https://s3.amazonaws.com/dl.ncsbe.gov/data/SampleBallots/2009-11-03.zip
9NBUNC03.pdf,https://s3.amazonaws.com/dl.ncsbe.gov/data/SampleBallots/2009-11-03.zip
9NBUNC04.pdf,https://s3.amazonaws.com/dl.ncsbe.gov/data/SampleBallots/2009-11-03.zip
9NBUNC05.pdf,https://s3.amazonaws.com/dl.ncsbe.gov/data/SampleBallots/2009-11-03.zip
9NBUNC06.pdf,https://s3.amazonaws.com/dl.ncsbe.gov/data/SampleBallots/2009-11-03.zip
9NBUNC07.pdf,https://s3.amazonaws.com/dl.ncsbe.gov/data/SampleBallots/2009-11-03.zip
9NBUNC08.pdf,https://s3.amazonaws.com/dl.ncsbe.gov/data/SampleBallots/2009-11-03.zip
9NBUNC09.pdf,https://s3.amazonaws.com/dl.ncsbe.gov/data/SampleBallots/2009-11-03.zip
9NBUNC10.pdf,https://s3.amazonaws.com/dl.ncsbe.gov/data/SampleBallots/2009-11-03.zip
9NBUNC11.pdf,https://s3.amazonaws.com/dl.ncsbe.gov/data/SampleBallots/2009-11-03.zip
9NBURK01.pdf,https://s3.amazonaws.com/dl.ncsbe.gov/data/SampleBallots/2009-11-03.zip
9NBURK02.pdf,https://s3.amazonaws.com/dl.ncsbe.gov/data/SampleBallots/2009-11-03.zip
9NBURK03.pdf,https://s3.amazonaws.com/dl.ncsbe.gov/data/SampleBallots/2009-11-03.zip
9NBURK04.pdf,https://s3.amazonaws.com/dl.ncsbe.gov/data/SampleBallots/2009-11-03.zip
9NBURK05.pdf,https://s3.amazonaws.com/dl.ncsbe.gov/data/SampleBallots/2009-11-03.zip
9NBURK06.pdf,https://s3.amazonaws.com/dl.ncsbe.gov/data/SampleBallots/2009-11-03.zip
9NBURK07.pdf,https://s3.amazonaws.com/dl.ncsbe.gov/data/SampleBallots/2009-11-03.zip
9NCABA01.pdf,https://s3.amazonaws.com/dl.ncsbe.gov/data/SampleBallots/2009-11-03.zip
9NCABA02.pdf,https://s3.amazonaws.com/dl.ncsbe.gov/data/SampleBallots/2009-11-03.zip
9NCABA03.pdf,https://s3.amazonaws.com/dl.ncsbe.gov/data/SampleBallots/2009-11-03.zip
9NCABA04.pdf,https://s3.amazonaws.com/dl.ncsbe.gov/data/SampleBallots/2009-11-03.zip
9NCABA05.pdf,https://s3.amazonaws.com/dl.ncsbe.gov/data/SampleBallots/2009-11-03.zip
9NCALD01.pdf,https://s3.amazonaws.com/dl.ncsbe.gov/data/SampleBallots/2009-11-03.zip
9NCALD02.pdf,https://s3.amazonaws.com/dl.ncsbe.gov/data/SampleBallots/2009-11-03.zip
9NCALD03.pdf,https://s3.amazonaws.com/dl.ncsbe.gov/data/SampleBallots/2009-11-03.zip
9NCALD04.pdf,https://s3.amazonaws.com/dl.ncsbe.gov/data/SampleBallots/2009-11-03.zip
9NCALD05.pdf,https://s3.amazonaws.com/dl.ncsbe.gov/data/SampleBallots/2009-11-03.zip
9NCALD06.pdf,https://s3.amazonaws.com/dl.ncsbe.gov/data/SampleBallots/2009-11-03.zip
9NCALD07.pdf,https://s3.amazonaws.com/dl.ncsbe.gov/data/SampleBallots/2009-11-03.zip
9NCALD08.pdf,https://s3.amazonaws.com/dl.ncsbe.gov/data/SampleBallots/2009-11-03.zip
9NCART02.pdf,https://s3.amazonaws.com/dl.ncsbe.gov/data/SampleBallots/2009-11-03.zip
9NCART03.pdf,https://s3.amazonaws.com/dl.ncsbe.gov/data/SampleBallots/2009-11-03.zip
9NCART04.pdf,https://s3.amazonaws.com/dl.ncsbe.gov/data/SampleBallots/2009-11-03.zip
9NCART05.pdf,https://s3.amazonaws.com/dl.ncsbe.gov/data/SampleBallots/2009-11-03.zip
9NCART06.pdf,https://s3.amazonaws.com/dl.ncsbe.gov/data/SampleBallots/2009-11-03.zip
9NCART07.pdf,https://s3.amazonaws.com/dl.ncsbe.gov/data/SampleBallots/2009-11-03.zip
9NCART08.pdf,https://s3.amazonaws.com/dl.ncsbe.gov/data/SampleBallots/2009-11-03.zip
9NCART09.pdf,https://s3.amazonaws.com/dl.ncsbe.gov/data/SampleBallots/2009-11-03.zip
9NCART10.pdf,https://s3.amazonaws.com/dl.ncsbe.gov/data/SampleBallots/2009-11-03.zip
9NCART11.pdf,https://s3.amazonaws.com/dl.ncsbe.gov/data/SampleBallots/2009-11-03.zip
9NCART12.pdf,https://s3.amazonaws.com/dl.ncsbe.gov/data/SampleBallots/2009-11-03.zip
9NCASW01.pdf,https://s3.amazonaws.com/dl.ncsbe.gov/data/SampleBallots/2009-11-03.zip
9NCATA01.pdf,https://s3.amazonaws.com/dl.ncsbe.gov/data/SampleBallots/2009-11-03.zip
9NCATA02.pdf,https://s3.amazonaws.com/dl.ncsbe.gov/data/SampleBallots/2009-11-03.zip
9NCATA03.pdf,https://s3.amazonaws.com/dl.ncsbe.gov/data/SampleBallots/2009-11-03.zip
9NCATA04.pdf,https://s3.amazonaws.com/dl.ncsbe.gov/data/SampleBallots/2009-11-03.zip
9NCATA05.pdf,https://s3.amazonaws.com/dl.ncsbe.gov/data/SampleBallots/2009-11-03.zip
9NCATA06.pdf,https://s3.amazonaws.com/dl.ncsbe.gov/data/SampleBallots/2009-11-03.zip
9NCATA07.pdf,https://s3.amazonaws.com/dl.ncsbe.gov/data/SampleBallots/2009-11-03.zip
9NCATA08.pdf,https://s3.amazonaws.com/dl.ncsbe.gov/data/SampleBallots/2009-11-03.zip
9NCATA09.pdf,https://s3.amazonaws.com/dl.ncsbe.gov/data/SampleBallots/2009-11-03.zip
9NCATA10.pdf,https://s3.amazonaws.com/dl.ncsbe.gov/data/SampleBallots/2009-11-03.zip
9NCATA11.pdf,https://s3.amazonaws.com/dl.ncsbe.gov/data/SampleBallots/2009-11-03.zip
9NCATA12.pdf,https://s3.amazonaws.com/dl.ncsbe.gov/data/SampleBallots/2009-11-03.zip
9NCATA13.pdf,https://s3.amazonaws.com/dl.ncsbe.gov/data/SampleBallots/2009-11-03.zip
9NCATA14.pdf,https://s3.amazonaws.com/dl.ncsbe.gov/data/SampleBallots/2009-11-03.zip
9NCATA15.pdf,https://s3.amazonaws.com/dl.ncsbe.gov/data/SampleBallots/2009-11-03.zip
9NCATA16.pdf,https://s3.amazonaws.com/dl.ncsbe.gov/data/SampleBallots/2009-11-03.zip
9NCATA17.pdf,https://s3.amazonaws.com/dl.ncsbe.gov/data/SampleBallots/2009-11-03.zip
9NCATA18.pdf,https://s3.amazonaws.com/dl.ncsbe.gov/data/SampleBallots/2009-11-03.zip
9NCATA19.pdf,https://s3.amazonaws.com/dl.ncsbe.gov/data/SampleBallots/2009-11-03.zip
9NCATA20.pdf,https://s3.amazonaws.com/dl.ncsbe.gov/data/SampleBallots/2009-11-03.zip
9NCATA21.pdf,https://s3.amazonaws.com/dl.ncsbe.gov/data/SampleBallots/2009-11-03.zip
9NCATA22.pdf,https://s3.amazonaws.com/dl.ncsbe.gov/data/SampleBallots/2009-11-03.zip
9NCATA23.pdf,https://s3.amazonaws.com/dl.ncsbe.gov/data/SampleBallots/2009-11-03.zip
9NCATA24.pdf,https://s3.amazonaws.com/dl.ncsbe.gov/data/SampleBallots/2009-11-03.zip
9NCATA25.pdf,https://s3.amazonaws.com/dl.ncsbe.gov/data/SampleBallots/2009-11-03.zip
9NCATA26.pdf,https://s3.amazonaws.com/dl.ncsbe.gov/data/SampleBallots/2009-11-03.zip
9NCHAT01.pdf,https://s3.amazonaws.com/dl.ncsbe.gov/data/SampleBallots/2009-11-03.zip
9NCHAT02.pdf,https://s3.amazonaws.com/dl.ncsbe.gov/data/SampleBallots/2009-11-03.zip
9NCHAT03.pdf,https://s3.amazonaws.com/dl.ncsbe.gov/data/SampleBallots/2009-11-03.zip
9NCHAT04.pdf,https://s3.amazonaws.com/dl.ncsbe.gov/data/SampleBallots/2009-11-03.zip
9NCHAT05.pdf,https://s3.amazonaws.com/dl.ncsbe.gov/data/SampleBallots/2009-11-03.zip
9NCHAT06.pdf,https://s3.amazonaws.com/dl.ncsbe.gov/data/SampleBallots/2009-11-03.zip
9NCHAT07.pdf,https://s3.amazonaws.com/dl.ncsbe.gov/data/SampleBallots/2009-11-03.zip
9NCHER01.pdf,https://s3.amazonaws.com/dl.ncsbe.gov/data/SampleBallots/2009-11-03.zip
9NCHER02.pdf,https://s3.amazonaws.com/dl.ncsbe.gov/data/SampleBallots/2009-11-03.zip
9NCHOW01.pdf,https://s3.amazonaws.com/dl.ncsbe.gov/data/SampleBallots/2009-11-03.zip
9NCHOW02.pdf,https://s3.amazonaws.com/dl.ncsbe.gov/data/SampleBallots/2009-11-03.zip
9NCHOW03.pdf,https://s3.amazonaws.com/dl.ncsbe.gov/data/SampleBallots/2009-11-03.zip
9NCLAY01.pdf,https://s3.amazonaws.com/dl.ncsbe.gov/data/SampleBallots/2009-11-03.zip
9NCLAY02.pdf,https://s3.amazonaws.com/dl.ncsbe.gov/data/SampleBallots/2009-11-03.zip
9NCLAY03.pdf,https://s3.amazonaws.com/dl.ncsbe.gov/data/SampleBallots/2009-11-03.zip
9NCLEV01.pdf,https://s3.amazonaws.com/dl.ncsbe.gov/data/SampleBallots/2009-11-03.zip
9NCLEV02.pdf,https://s3.amazonaws.com/dl.ncsbe.gov/data/SampleBallots/2009-11-03.zip
9NCLEV03.pdf,https://s3.amazonaws.com/dl.ncsbe.gov/data/SampleBallots/2009-11-03.zip
9NCLEV04.pdf,https://s3.amazonaws.com/dl.ncsbe.gov/data/SampleBallots/2009-11-03.zip
9NCLEV05.pdf,https://s3.amazonaws.com/dl.ncsbe.gov/data/SampleBallots/2009-11-03.zip
9NCLEV06.pdf,https://s3.amazonaws.com/dl.ncsbe.gov/data/SampleBallots/2009-11-03.zip
9NCLEV07.pdf,https://s3.amazonaws.com/dl.ncsbe.gov/data/SampleBallots/2009-11-03.zip
9NCLEV08.pdf,https://s3.amazonaws.com/dl.ncsbe.gov/data/SampleBallots/2009-11-03.zip
9NCLEV09.pdf,https://s3.amazonaws.com/dl.ncsbe.gov/data/SampleBallots/2009-11-03.zip
9NCLEV10.pdf,https://s3.amazonaws.com/dl.ncsbe.gov/data/SampleBallots/2009-11-03.zip
9NCLEV12.pdf,https://s3.amazonaws.com/dl.ncsbe.gov/data/SampleBallots/2009-11-03.zip
9NCLEV13.pdf,https://s3.amazonaws.com/dl.ncsbe.gov/data/SampleBallots/2009-11-03.zip
9NCLEV14.pdf,https://s3.amazonaws.com/dl.ncsbe.gov/data/SampleBallots/2009-11-03.zip
9NCLEV15.pdf,https://s3.amazonaws.com/dl.ncsbe.gov/data/SampleBallots/2009-11-03.zip
9NCLEV16.pdf,https://s3.amazonaws.com/dl.ncsbe.gov/data/SampleBallots/2009-11-03.zip
9NCLEV17.pdf,https://s3.amazonaws.com/dl.ncsbe.gov/data/SampleBallots/2009-11-03.zip
9NCLEV18.pdf,https://s3.amazonaws.com/dl.ncsbe.gov/data/SampleBallots/2009-11-03.zip
9NCLEV19.pdf,https://s3.amazonaws.com/dl.ncsbe.gov/data/SampleBallots/2009-11-03.zip
9NCLEV20.pdf,https://s3.amazonaws.com/dl.ncsbe.gov/data/SampleBallots/2009-11-03.zip
9NCLEV21.pdf,https://s3.amazonaws.com/dl.ncsbe.gov/data/SampleBallots/2009-11-03.zip
9NCLEV22.pdf,https://s3.amazonaws.com/dl.ncsbe.gov/data/SampleBallots/2009-11-03.zip
9NCLEV23.pdf,https://s3.amazonaws.com/dl.ncsbe.gov/data/SampleBallots/2009-11-03.zip
9NCLEV24.pdf,https://s3.amazonaws.com/dl.ncsbe.gov/data/SampleBallots/2009-11-03.zip
9NCLEV25.pdf,https://s3.amazonaws.com/dl.ncsbe.gov/data/SampleBallots/2009-11-03.zip
9NCLEV26.pdf,https://s3.amazonaws.com/dl.ncsbe.gov/data/SampleBallots/2009-11-03.zip
9NCLEV27.pdf,https://s3.amazonaws.com/dl.ncsbe.gov/data/SampleBallots/2009-11-03.zip
9NCLEV28.pdf,https://s3.amazonaws.com/dl.ncsbe.gov/data/SampleBallots/2009-11-03.zip
9NCLEV29.pdf,https://s3.amazonaws.com/dl.ncsbe.gov/data/SampleBallots/2009-11-03.zip
9NCLEV30.pdf,https://s3.amazonaws.com/dl.ncsbe.gov/data/SampleBallots/2009-11-03.zip
9NCOLU01.pdf,https://s3.amazonaws.com/dl.ncsbe.gov/data/SampleBallots/2009-11-03.zip
9NCOLU02.pdf,https://s3.amazonaws.com/dl.ncsbe.gov/data/SampleBallots/2009-11-03.zip
9NCOLU03.pdf,https://s3.amazonaws.com/dl.ncsbe.gov/data/SampleBallots/2009-11-03.zip
9NCOLU04.pdf,https://s3.amazonaws.com/dl.ncsbe.gov/data/SampleBallots/2009-11-03.zip
9NCOLU05.pdf,https://s3.amazonaws.com/dl.ncsbe.gov/data/SampleBallots/2009-11-03.zip
9NCOLU06.pdf,https://s3.amazonaws.com/dl.ncsbe.gov/data/SampleBallots/2009-11-03.zip
9NCOLU07.pdf,https://s3.amazonaws.com/dl.ncsbe.gov/data/SampleBallots/2009-11-03.zip
9NCOLU08.pdf,https://s3.amazonaws.com/dl.ncsbe.gov/data/SampleBallots/2009-11-03.zip
9NCOLU09.pdf,https://s3.amazonaws.com/dl.ncsbe.gov/data/SampleBallots/2009-11-03.zip
9NCOLU10.pdf,https://s3.amazonaws.com/dl.ncsbe.gov/data/SampleBallots/2009-11-03.zip
9NCOLU11.pdf,https://s3.amazonaws.com/dl.ncsbe.gov/data/SampleBallots/2009-11-03.zip
9NCRAV01.pdf,https://s3.amazonaws.com/dl.ncsbe.gov/data/SampleBallots/2009-11-03.zip
9NCRAV02.pdf,https://s3.amazonaws.com/dl.ncsbe.gov/data/SampleBallots/2009-11-03.zip
9NCRAV03.pdf,https://s3.amazonaws.com/dl.ncsbe.gov/data/SampleBallots/2009-11-03.zip
9NCRAV04.pdf,https://s3.amazonaws.com/dl.ncsbe.gov/data/SampleBallots/2009-11-03.zip
9NCRAV05.pdf,https://s3.amazonaws.com/dl.ncsbe.gov/data/SampleBallots/2009-11-03.zip
9NCRAV06.pdf,https://s3.amazonaws.com/dl.ncsbe.gov/data/SampleBallots/2009-11-03.zip
9NCRAV07.pdf,https://s3.amazonaws.com/dl.ncsbe.gov/data/SampleBallots/2009-11-03.zip
9NCRAV08.pdf,https://s3.amazonaws.com/dl.ncsbe.gov/data/SampleBallots/2009-11-03.zip
9NCRAV09.pdf,https://s3.amazonaws.com/dl.ncsbe.gov/data/SampleBallots/2009-11-03.zip
9NCUMB01.pdf,https://s3.amazonaws.com/dl.ncsbe.gov/data/SampleBallots/2009-11-03.zip
9NCUMB02.pdf,https://s3.amazonaws.com/dl.ncsbe.gov/data/SampleBallots/2009-11-03.zip
9NCUMB03.pdf,https://s3.amazonaws.com/dl.ncsbe.gov/data/SampleBallots/2009-11-03.zip
9NCUMB04.pdf,https://s3.amazonaws.com/dl.ncsbe.gov/data/SampleBallots/2009-11-03.zip
9NCUMB05.pdf,https://s3.amazonaws.com/dl.ncsbe.gov/data/SampleBallots/2009-11-03.zip
9NCUMB06.pdf,https://s3.amazonaws.com/dl.ncsbe.gov/data/SampleBallots/2009-11-03.zip
9NCUMB07.pdf,https://s3.amazonaws.com/dl.ncsbe.gov/data/SampleBallots/2009-11-03.zip
9NCUMB08.pdf,https://s3.amazonaws.com/dl.ncsbe.gov/data/SampleBallots/2009-11-03.zip
9NCUMB09.pdf,https://s3.amazonaws.com/dl.ncsbe.gov/data/SampleBallots/2009-11-03.zip
9NCUMB10.pdf,https://s3.amazonaws.com/dl.ncsbe.gov/data/SampleBallots/2009-11-03.zip
9NCUMB11.pdf,https://s3.amazonaws.com/dl.ncsbe.gov/data/SampleBallots/2009-11-03.zip
9NCUMB12.pdf,https://s3.amazonaws.com/dl.ncsbe.gov/data/SampleBallots/2009-11-03.zip
9NCUMB13.pdf,https://s3.amazonaws.com/dl.ncsbe.gov/data/SampleBallots/2009-11-03.zip
9NCUMB14.pdf,https://s3.amazonaws.com/dl.ncsbe.gov/data/SampleBallots/2009-11-03.zip
9NCUMB15.pdf,https://s3.amazonaws.com/dl.ncsbe.gov/data/SampleBallots/2009-11-03.zip
9NCUMB16.pdf,https://s3.amazonaws.com/dl.ncsbe.gov/data/SampleBallots/2009-11-03.zip
9NCUMB17.pdf,https://s3.amazonaws.com/dl.ncsbe.gov/data/SampleBallots/2009-11-03.zip
9NCUMB18.pdf,https://s3.amazonaws.com/dl.ncsbe.gov/data/SampleBallots/2009-11-03.zip
9NCUMB19.pdf,https://s3.amazonaws.com/dl.ncsbe.gov/data/SampleBallots/2009-11-03.zip
9NCUMB20.pdf,https://s3.amazonaws.com/dl.ncsbe.gov/data/SampleBallots/2009-11-03.zip
9NDARE01.pdf,https://s3.amazonaws.com/dl.ncsbe.gov/data/SampleBallots/2009-11-03.zip
9NDARE02.pdf,https://s3.amazonaws.com/dl.ncsbe.gov/data/SampleBallots/2009-11-03.zip
9NDARE03.pdf,https://s3.amazonaws.com/dl.ncsbe.gov/data/SampleBallots/2009-11-03.zip
9NDARE04.pdf,https://s3.amazonaws.com/dl.ncsbe.gov/data/SampleBallots/2009-11-03.zip
9NDARE05.pdf,https://s3.amazonaws.com/dl.ncsbe.gov/data/SampleBallots/2009-11-03.zip
9NDARE06.pdf,https://s3.amazonaws.com/dl.ncsbe.gov/data/SampleBallots/2009-11-03.zip
9NDAVD01.pdf,https://s3.amazonaws.com/dl.ncsbe.gov/data/SampleBallots/2009-11-03.zip
9NDAVD02.pdf,https://s3.amazonaws.com/dl.ncsbe.gov/data/SampleBallots/2009-11-03.zip
9NDAVD03.pdf,https://s3.amazonaws.com/dl.ncsbe.gov/data/SampleBallots/2009-11-03.zip
9NDAVD04.pdf,https://s3.amazonaws.com/dl.ncsbe.gov/data/SampleBallots/2009-11-03.zip
9NDAVD05.pdf,https://s3.amazonaws.com/dl.ncsbe.gov/data/SampleBallots/2009-11-03.zip
9NDAVD06.pdf,https://s3.amazonaws.com/dl.ncsbe.gov/data/SampleBallots/2009-11-03.zip
9NDAVD07.pdf,https://s3.amazonaws.com/dl.ncsbe.gov/data/SampleBallots/2009-11-03.zip
9NDAVD08.pdf,https://s3.amazonaws.com/dl.ncsbe.gov/data/SampleBallots/2009-11-03.zip
9NDAVD09.pdf,https://s3.amazonaws.com/dl.ncsbe.gov/data/SampleBallots/2009-11-03.zip
9NDAVE01.pdf,https://s3.amazonaws.com/dl.ncsbe.gov/data/SampleBallots/2009-11-03.zip
9NDAVE02.pdf,https://s3.amazonaws.com/dl.ncsbe.gov/data/SampleBallots/2009-11-03.zip
9NDAVE03.pdf,https://s3.amazonaws.com/dl.ncsbe.gov/data/SampleBallots/2009-11-03.zip
9NDUPL01.pdf,https://s3.amazonaws.com/dl.ncsbe.gov/data/SampleBallots/2009-11-03.zip
9NDUPL02.pdf,https://s3.amazonaws.com/dl.ncsbe.gov/data/SampleBallots/2009-11-03.zip
9NDUPL03.pdf,https://s3.amazonaws.com/dl.ncsbe.gov/data/SampleBallots/2009-11-03.zip
9NDUPL04.pdf,https://s3.amazonaws.com/dl.ncsbe.gov/data/SampleBallots/2009-11-03.zip
9NDUPL05.pdf,https://s3.amazonaws.com/dl.ncsbe.gov/data/SampleBallots/2009-11-03.zip
9NDUPL06.pdf,https://s3.amazonaws.com/dl.ncsbe.gov/data/SampleBallots/2009-11-03.zip
9NDUPL07.pdf,https://s3.amazonaws.com/dl.ncsbe.gov/data/SampleBallots/2009-11-03.zip
9NDUPL08.pdf,https://s3.amazonaws.com/dl.ncsbe.gov/data/SampleBallots/2009-11-03.zip
9NDUPL09.pdf,https://s3.amazonaws.com/dl.ncsbe.gov/data/SampleBallots/2009-11-03.zip
9NDUPL10.pdf,https://s3.amazonaws.com/dl.ncsbe.gov/data/SampleBallots/2009-11-03.zip
9NDURH01.pdf,https://s3.amazonaws.com/dl.ncsbe.gov/data/SampleBallots/2009-11-03.zip
9NDURH02.pdf,https://s3.amazonaws.com/dl.ncsbe.gov/data/SampleBallots/2009-11-03.zip
9NEDGE01.pdf,https://s3.amazonaws.com/dl.ncsbe.gov/data/SampleBallots/2009-11-03.zip
9NEDGE02.pdf,https://s3.amazonaws.com/dl.ncsbe.gov/data/SampleBallots/2009-11-03.zip
9NEDGE03.pdf,https://s3.amazonaws.com/dl.ncsbe.gov/data/SampleBallots/2009-11-03.zip
9NEDGE04.pdf,https://s3.amazonaws.com/dl.ncsbe.gov/data/SampleBallots/2009-11-03.zip
9NEDGE05.pdf,https://s3.amazonaws.com/dl.ncsbe.gov/data/SampleBallots/2009-11-03.zip
9NEDGE06.pdf,https://s3.amazonaws.com/dl.ncsbe.gov/data/SampleBallots/2009-11-03.zip
9NEDGE07.pdf,https://s3.amazonaws.com/dl.ncsbe.gov/data/SampleBallots/2009-11-03.zip
9NEDGE08.pdf,https://s3.amazonaws.com/dl.ncsbe.gov/data/SampleBallots/2009-11-03.zip
9NEDGE09.pdf,https://s3.amazonaws.com/dl.ncsbe.gov/data/SampleBallots/2009-11-03.zip
9NEDGE10.pdf,https://s3.amazonaws.com/dl.ncsbe.gov/data/SampleBallots/2009-11-03.zip
9NEDGE11.pdf,https://s3.amazonaws.com/dl.ncsbe.gov/data/SampleBallots/2009-11-03.zip
9NEDGE12.pdf,https://s3.amazonaws.com/dl.ncsbe.gov/data/SampleBallots/2009-11-03.zip
9NEDGE13.pdf,https://s3.amazonaws.com/dl.ncsbe.gov/data/SampleBallots/2009-11-03.zip
9NFORS01.pdf,https://s3.amazonaws.com/dl.ncsbe.gov/data/SampleBallots/2009-11-03.zip
9NFORS02.pdf,https://s3.amazonaws.com/dl.ncsbe.gov/data/SampleBallots/2009-11-03.zip
9NFORS03.pdf,https://s3.amazonaws.com/dl.ncsbe.gov/data/SampleBallots/2009-11-03.zip
9NFORS04.pdf,https://s3.amazonaws.com/dl.ncsbe.gov/data/SampleBallots/2009-11-03.zip
9NFORS05.pdf,https://s3.amazonaws.com/dl.ncsbe.gov/data/SampleBallots/2009-11-03.zip
9NFORS06.pdf,https://s3.amazonaws.com/dl.ncsbe.gov/data/SampleBallots/2009-11-03.zip
9NFORS07.pdf,https://s3.amazonaws.com/dl.ncsbe.gov/data/SampleBallots/2009-11-03.zip
9NFORS08.pdf,https://s3.amazonaws.com/dl.ncsbe.gov/data/SampleBallots/2009-11-03.zip
9NFORS09.pdf,https://s3.amazonaws.com/dl.ncsbe.gov/data/SampleBallots/2009-11-03.zip
9NFORS10.pdf,https://s3.amazonaws.com/dl.ncsbe.gov/data/SampleBallots/2009-11-03.zip
9NFORS11.pdf,https://s3.amazonaws.com/dl.ncsbe.gov/data/SampleBallots/2009-11-03.zip
9NFORS12.pdf,https://s3.amazonaws.com/dl.ncsbe.gov/data/SampleBallots/2009-11-03.zip
9NFORS13.pdf,https://s3.amazonaws.com/dl.ncsbe.gov/data/SampleBallots/2009-11-03.zip
9NFORS14.pdf,https://s3.amazonaws.com/dl.ncsbe.gov/data/SampleBallots/2009-11-03.zip
9NFORS15.pdf,https://s3.amazonaws.com/dl.ncsbe.gov/data/SampleBallots/2009-11-03.zip
9NFRAN01.pdf,https://s3.amazonaws.com/dl.ncsbe.gov/data/SampleBallots/2009-11-03.zip
9NFRAN02.pdf,https://s3.amazonaws.com/dl.ncsbe.gov/data/SampleBallots/2009-11-03.zip
9NFRAN03.pdf,https://s3.amazonaws.com/dl.ncsbe.gov/data/SampleBallots/2009-11-03.zip
9NFRAN04.pdf,https://s3.amazonaws.com/dl.ncsbe.gov/data/SampleBallots/2009-11-03.zip
9NFRAN05.pdf,https://s3.amazonaws.com/dl.ncsbe.gov/data/SampleBallots/2009-11-03.zip
9NFRAN06.pdf,https://s3.amazonaws.com/dl.ncsbe.gov/data/SampleBallots/2009-11-03.zip
9NFRAN07.pdf,https://s3.amazonaws.com/dl.ncsbe.gov/data/SampleBallots/2009-11-03.zip
9NFRAN08.pdf,https://s3.amazonaws.com/dl.ncsbe.gov/data/SampleBallots/2009-11-03.zip
9NFRAN09.pdf,https://s3.amazonaws.com/dl.ncsbe.gov/data/SampleBallots/2009-11-03.zip
9NFRAN10.pdf,https://s3.amazonaws.com/dl.ncsbe.gov/data/SampleBallots/2009-11-03.zip
9NFRAN11.pdf,https://s3.amazonaws.com/dl.ncsbe.gov/data/SampleBallots/2009-11-03.zip
9NGAST01.pdf,https://s3.amazonaws.com/dl.ncsbe.gov/data/SampleBallots/2009-11-03.zip
9NGAST02.pdf,https://s3.amazonaws.com/dl.ncsbe.gov/data/SampleBallots/2009-11-03.zip
9NGAST03.pdf,https://s3.amazonaws.com/dl.ncsbe.gov/data/SampleBallots/2009-11-03.zip
9NGAST04.pdf,https://s3.amazonaws.com/dl.ncsbe.gov/data/SampleBallots/2009-11-03.zip
9NGAST05.pdf,https://s3.amazonaws.com/dl.ncsbe.gov/data/SampleBallots/2009-11-03.zip
9NGAST06.pdf,https://s3.amazonaws.com/dl.ncsbe.gov/data/SampleBallots/2009-11-03.zip
9NGAST07.pdf,https://s3.amazonaws.com/dl.ncsbe.gov/data/SampleBallots/2009-11-03.zip
9NGAST08.pdf,https://s3.amazonaws.com/dl.ncsbe.gov/data/SampleBallots/2009-11-03.zip
9NGAST09.pdf,https://s3.amazonaws.com/dl.ncsbe.gov/data/SampleBallots/2009-11-03.zip
9NGAST10.pdf,https://s3.amazonaws.com/dl.ncsbe.gov/data/SampleBallots/2009-11-03.zip
9NGAST11.pdf,https://s3.amazonaws.com/dl.ncsbe.gov/data/SampleBallots/2009-11-03.zip
9NGAST12.pdf,https://s3.amazonaws.com/dl.ncsbe.gov/data/SampleBallots/2009-11-03.zip
9NGAST13.pdf,https://s3.amazonaws.com/dl.ncsbe.gov/data/SampleBallots/2009-11-03.zip
9NGAST15.pdf,https://s3.amazonaws.com/dl.ncsbe.gov/data/SampleBallots/2009-11-03.zip
9NGAST17.pdf,https://s3.amazonaws.com/dl.ncsbe.gov/data/SampleBallots/2009-11-03.zip
9NGATE01.pdf,https://s3.amazonaws.com/dl.ncsbe.gov/data/SampleBallots/2009-11-03.zip
9NGRAH01.pdf,https://s3.amazonaws.com/dl.ncsbe.gov/data/SampleBallots/2009-11-03.zip
9NGRAH02.pdf,https://s3.amazonaws.com/dl.ncsbe.gov/data/SampleBallots/2009-11-03.zip
9NGRAH03.pdf,https://s3.amazonaws.com/dl.ncsbe.gov/data/SampleBallots/2009-11-03.zip
9NGRAN01.pdf,https://s3.amazonaws.com/dl.ncsbe.gov/data/SampleBallots/2009-11-03.zip
9NGRAN02.pdf,https://s3.amazonaws.com/dl.ncsbe.gov/data/SampleBallots/2009-11-03.zip
9NGRAN03.pdf,https://s3.amazonaws.com/dl.ncsbe.gov/data/SampleBallots/2009-11-03.zip
9NGRAN04.pdf,https://s3.amazonaws.com/dl.ncsbe.gov/data/SampleBallots/2009-11-03.zip
9NGRAN05.pdf,https://s3.amazonaws.com/dl.ncsbe.gov/data/SampleBallots/2009-11-03.zip
9NGRAN06.pdf,https://s3.amazonaws.com/dl.ncsbe.gov/data/SampleBallots/2009-11-03.zip
9NGRAN07.pdf,https://s3.amazonaws.com/dl.ncsbe.gov/data/SampleBallots/2009-11-03.zip
9NGRAN08.pdf,https://s3.amazonaws.com/dl.ncsbe.gov/data/SampleBallots/2009-11-03.zip
9NGRAN09.pdf,https://s3.amazonaws.com/dl.ncsbe.gov/data/SampleBallots/2009-11-03.zip
9NGRAN10.pdf,https://s3.amazonaws.com/dl.ncsbe.gov/data/SampleBallots/2009-11-03.zip
9NGRAN11.pdf,https://s3.amazonaws.com/dl.ncsbe.gov/data/SampleBallots/2009-11-03.zip
9NGRAN12.pdf,https://s3.amazonaws.com/dl.ncsbe.gov/data/SampleBallots/2009-11-03.zip
9NGREE01.pdf,https://s3.amazonaws.com/dl.ncsbe.gov/data/SampleBallots/2009-11-03.zip
9NGREE02.pdf,https://s3.amazonaws.com/dl.ncsbe.gov/data/SampleBallots/2009-11-03.zip
9NGREE03.pdf,https://s3.amazonaws.com/dl.ncsbe.gov/data/SampleBallots/2009-11-03.zip
9NGREE04.pdf,https://s3.amazonaws.com/dl.ncsbe.gov/data/SampleBallots/2009-11-03.zip
9NGUIL01.pdf,https://s3.amazonaws.com/dl.ncsbe.gov/data/SampleBallots/2009-11-03.zip
9NGUIL02.pdf,https://s3.amazonaws.com/dl.ncsbe.gov/data/SampleBallots/2009-11-03.zip
9NGUIL03.pdf,https://s3.amazonaws.com/dl.ncsbe.gov/data/SampleBallots/2009-11-03.zip
9NGUIL04.pdf,https://s3.amazonaws.com/dl.ncsbe.gov/data/SampleBallots/2009-11-03.zip
9NGUIL05.pdf,https://s3.amazonaws.com/dl.ncsbe.gov/data/SampleBallots/2009-11-03.zip
9NGUIL06.pdf,https://s3.amazonaws.com/dl.ncsbe.gov/data/SampleBallots/2009-11-03.zip
9NGUIL07.pdf,https://s3.amazonaws.com/dl.ncsbe.gov/data/SampleBallots/2009-11-03.zip
9NGUIL08.pdf,https://s3.amazonaws.com/dl.ncsbe.gov/data/SampleBallots/2009-11-03.zip
9NGUIL09.pdf,https://s3.amazonaws.com/dl.ncsbe.gov/data/SampleBallots/2009-11-03.zip
9NGUIL10.pdf,https://s3.amazonaws.com/dl.ncsbe.gov/data/SampleBallots/2009-11-03.zip
9NGUIL11.pdf,https://s3.amazonaws.com/dl.ncsbe.gov/data/SampleBallots/2009-11-03.zip
9NGUIL12.pdf,https://s3.amazonaws.com/dl.ncsbe.gov/data/SampleBallots/2009-11-03.zip
9NGUIL13.pdf,https://s3.amazonaws.com/dl.ncsbe.gov/data/SampleBallots/2009-11-03.zip
9NGUIL14.pdf,https://s3.amazonaws.com/dl.ncsbe.gov/data/SampleBallots/2009-11-03.zip
9NGUIL15.pdf,https://s3.amazonaws.com/dl.ncsbe.gov/data/SampleBallots/2009-11-03.zip
9NHALI01.pdf,https://s3.amazonaws.com/dl.ncsbe.gov/data/SampleBallots/2009-11-03.zip
9NHALI02.pdf,https://s3.amazonaws.com/dl.ncsbe.gov/data/SampleBallots/2009-11-03.zip
9NHALI03.pdf,https://s3.amazonaws.com/dl.ncsbe.gov/data/SampleBallots/2009-11-03.zip
9NHALI04.pdf,https://s3.amazonaws.com/dl.ncsbe.gov/data/SampleBallots/2009-11-03.zip
9NHALI05.pdf,https://s3.amazonaws.com/dl.ncsbe.gov/data/SampleBallots/2009-11-03.zip
9NHALI06.pdf,https://s3.amazonaws.com/dl.ncsbe.gov/data/SampleBallots/2009-11-03.zip
9NHALI07.pdf,https://s3.amazonaws.com/dl.ncsbe.gov/data/SampleBallots/2009-11-03.zip
9NHALI08.pdf,https://s3.amazonaws.com/dl.ncsbe.gov/data/SampleBallots/2009-11-03.zip
9NHALI09.pdf,https://s3.amazonaws.com/dl.ncsbe.gov/data/SampleBallots/2009-11-03.zip
9NHALI10.pdf,https://s3.amazonaws.com/dl.ncsbe.gov/data/SampleBallots/2009-11-03.zip
9NHALI11.pdf,https://s3.amazonaws.com/dl.ncsbe.gov/data/SampleBallots/2009-11-03.zip
9NHALI12.pdf,https://s3.amazonaws.com/dl.ncsbe.gov/data/SampleBallots/2009-11-03.zip
9NHALI13.pdf,https://s3.amazonaws.com/dl.ncsbe.gov/data/SampleBallots/2009-11-03.zip
9NHALI14.pdf,https://s3.amazonaws.com/dl.ncsbe.gov/data/SampleBallots/2009-11-03.zip
9NHALI15.pdf,https://s3.amazonaws.com/dl.ncsbe.gov/data/SampleBallots/2009-11-03.zip
9NHARN01.pdf,https://s3.amazonaws.com/dl.ncsbe.gov/data/SampleBallots/2009-11-03.zip
9NHARN02.pdf,https://s3.amazonaws.com/dl.ncsbe.gov/data/SampleBallots/2009-11-03.zip
9NHARN03.pdf,https://s3.amazonaws.com/dl.ncsbe.gov/data/SampleBallots/2009-11-03.zip
9NHARN04.pdf,https://s3.amazonaws.com/dl.ncsbe.gov/data/SampleBallots/2009-11-03.zip
9NHAYW01.pdf,https://s3.amazonaws.com/dl.ncsbe.gov/data/SampleBallots/2009-11-03.zip
9NHAYW02.pdf,https://s3.amazonaws.com/dl.ncsbe.gov/data/SampleBallots/2009-11-03.zip
9NHAYW03.pdf,https://s3.amazonaws.com/dl.ncsbe.gov/data/SampleBallots/2009-11-03.zip
9NHEND01.pdf,https://s3.amazonaws.com/dl.ncsbe.gov/data/SampleBallots/2009-11-03.zip
9NHEND02.pdf,https://s3.amazonaws.com/dl.ncsbe.gov/data/SampleBallots/2009-11-03.zip
9NHEND03.pdf,https://s3.amazonaws.com/dl.ncsbe.gov/data/SampleBallots/2009-11-03.zip
9NHEND04.pdf,https://s3.amazonaws.com/dl.ncsbe.gov/data/SampleBallots/2009-11-03.zip
9NHEND05.pdf,https://s3.amazonaws.com/dl.ncsbe.gov/data/SampleBallots/2009-11-03.zip
9NHERT01.pdf,https://s3.amazonaws.com/dl.ncsbe.gov/data/SampleBallots/2009-11-03.zip
9NHERT02.pdf,https://s3.amazonaws.com/dl.ncsbe.gov/data/SampleBallots/2009-11-03.zip
9NHERT03.pdf,https://s3.amazonaws.com/dl.ncsbe.gov/data/SampleBallots/2009-11-03.zip
9NHERT04.pdf,https://s3.amazonaws.com/dl.ncsbe.gov/data/SampleBallots/2009-11-03.zip
9NHERT05.pdf,https://s3.amazonaws.com/dl.ncsbe.gov/data/SampleBallots/2009-11-03.zip
9NHERT06.pdf,https://s3.amazonaws.com/dl.ncsbe.gov/data/SampleBallots/2009-11-03.zip
9NHERT07.pdf,https://s3.amazonaws.com/dl.ncsbe.gov/data/SampleBallots/2009-11-03.zip
9NHOKE01.pdf,https://s3.amazonaws.com/dl.ncsbe.gov/data/SampleBallots/2009-11-03.zip
9NHOKE02.pdf,https://s3.amazonaws.com/dl.ncsbe.gov/data/SampleBallots/2009-11-03.zip
9NHOKE03.pdf,https://s3.amazonaws.com/dl.ncsbe.gov/data/SampleBallots/2009-11-03.zip
9NHOKE04.pdf,https://s3.amazonaws.com/dl.ncsbe.gov/data/SampleBallots/2009-11-03.zip
9NIRED01.pdf,https://s3.amazonaws.com/dl.ncsbe.gov/data/SampleBallots/2009-11-03.zip
9NIRED02.pdf,https://s3.amazonaws.com/dl.ncsbe.gov/data/SampleBallots/2009-11-03.zip
9NIRED03.pdf,https://s3.amazonaws.com/dl.ncsbe.gov/data/SampleBallots/2009-11-03.zip
9NIRED04.pdf,https://s3.amazonaws.com/dl.ncsbe.gov/data/SampleBallots/2009-11-03.zip
9NIRED05.pdf,https://s3.amazonaws.com/dl.ncsbe.gov/data/SampleBallots/2009-11-03.zip
9NIRED06.pdf,https://s3.amazonaws.com/dl.ncsbe.gov/data/SampleBallots/2009-11-03.zip
9NIRED07.pdf,https://s3.amazonaws.com/dl.ncsbe.gov/data/SampleBallots/2009-11-03.zip
9NIRED08.pdf,https://s3.amazonaws.com/dl.ncsbe.gov/data/SampleBallots/2009-11-03.zip
9NIRED09.pdf,https://s3.amazonaws.com/dl.ncsbe.gov/data/SampleBallots/2009-11-03.zip
9NIRED10.pdf,https://s3.amazonaws.com/dl.ncsbe.gov/data/SampleBallots/2009-11-03.zip
9NIRED12.pdf,https://s3.amazonaws.com/dl.ncsbe.gov/data/SampleBallots/2009-11-03.zip
9NJACK01.pdf,https://s3.amazonaws.com/dl.ncsbe.gov/data/SampleBallots/2009-11-03.zip
9NJACK02.pdf,https://s3.amazonaws.com/dl.ncsbe.gov/data/SampleBallots/2009-11-03.zip
9NJACK03.pdf,https://s3.amazonaws.com/dl.ncsbe.gov/data/SampleBallots/2009-11-03.zip
9NJACK04.pdf,https://s3.amazonaws.com/dl.ncsbe.gov/data/SampleBallots/2009-11-03.zip
9NJOHN01.pdf,https://s3.amazonaws.com/dl.ncsbe.gov/data/SampleBallots/2009-11-03.zip
9NJOHN02.pdf,https://s3.amazonaws.com/dl.ncsbe.gov/data/SampleBallots/2009-11-03.zip
9NJOHN03.pdf,https://s3.amazonaws.com/dl.ncsbe.gov/data/SampleBallots/2009-11-03.zip
9NJOHN04.pdf,https://s3.amazonaws.com/dl.ncsbe.gov/data/SampleBallots/2009-11-03.zip
9NJOHN05.pdf,https://s3.amazonaws.com/dl.ncsbe.gov/data/SampleBallots/2009-11-03.zip
9NJOHN06.pdf,https://s3.amazonaws.com/dl.ncsbe.gov/data/SampleBallots/2009-11-03.zip
9NJOHN07.pdf,https://s3.amazonaws.com/dl.ncsbe.gov/data/SampleBallots/2009-11-03.zip
9NJOHN08.pdf,https://s3.amazonaws.com/dl.ncsbe.gov/data/SampleBallots/2009-11-03.zip
9NJOHN09.pdf,https://s3.amazonaws.com/dl.ncsbe.gov/data/SampleBallots/2009-11-03.zip
9NJOHN10.pdf,https://s3.amazonaws.com/dl.ncsbe.gov/data/SampleBallots/2009-11-03.zip
9NJOHN11.pdf,https://s3.amazonaws.com/dl.ncsbe.gov/data/SampleBallots/2009-11-03.zip
9NJOHN12.pdf,https://s3.amazonaws.com/dl.ncsbe.gov/data/SampleBallots/2009-11-03.zip
9NJOHN13.pdf,https://s3.amazonaws.com/dl.ncsbe.gov/data/SampleBallots/2009-11-03.zip
9NJOHN14.pdf,https://s3.amazonaws.com/dl.ncsbe.gov/data/SampleBallots/2009-11-03.zip
9NJOHN15.pdf,https://s3.amazonaws.com/dl.ncsbe.gov/data/SampleBallots/2009-11-03.zip
9NJONE01.pdf,https://s3.amazonaws.com/dl.ncsbe.gov/data/SampleBallots/2009-11-03.zip
9NJONE02.pdf,https://s3.amazonaws.com/dl.ncsbe.gov/data/SampleBallots/2009-11-03.zip
9NJONE03.pdf,https://s3.amazonaws.com/dl.ncsbe.gov/data/SampleBallots/2009-11-03.zip
9NLEEE01.pdf,https://s3.amazonaws.com/dl.ncsbe.gov/data/SampleBallots/2009-11-03.zip
9NLEEE02.pdf,https://s3.amazonaws.com/dl.ncsbe.gov/data/SampleBallots/2009-11-03.zip
9NLEEE03.pdf,https://s3.amazonaws.com/dl.ncsbe.gov/data/SampleBallots/2009-11-03.zip
9NLEEE04.pdf,https://s3.amazonaws.com/dl.ncsbe.gov/data/SampleBallots/2009-11-03.zip
9NLEEE05.pdf,https://s3.amazonaws.com/dl.ncsbe.gov/data/SampleBallots/2009-11-03.zip
9NLENO01.pdf,https://s3.amazonaws.com/dl.ncsbe.gov/data/SampleBallots/2009-11-03.zip
9NLENO02.pdf,https://s3.amazonaws.com/dl.ncsbe.gov/data/SampleBallots/2009-11-03.zip
9NLENO03.pdf,https://s3.amazonaws.com/dl.ncsbe.gov/data/SampleBallots/2009-11-03.zip
9NLINC01.pdf,https://s3.amazonaws.com/dl.ncsbe.gov/data/SampleBallots/2009-11-03.zip
9NMACO01.pdf,https://s3.amazonaws.com/dl.ncsbe.gov/data/SampleBallots/2009-11-03.zip
9NMACO02.pdf,https://s3.amazonaws.com/dl.ncsbe.gov/data/SampleBallots/2009-11-03.zip
9NMADI01.pdf,https://s3.amazonaws.com/dl.ncsbe.gov/data/SampleBallots/2009-11-03.zip
9NMADI02.pdf,https://s3.amazonaws.com/dl.ncsbe.gov/data/SampleBallots/2009-11-03.zip
9NMADI03.pdf,https://s3.amazonaws.com/dl.ncsbe.gov/data/SampleBallots/2009-11-03.zip
9NMART01.pdf,https://s3.amazonaws.com/dl.ncsbe.gov/data/SampleBallots/2009-11-03.zip
9NMART02.pdf,https://s3.amazonaws.com/dl.ncsbe.gov/data/SampleBallots/2009-11-03.zip
9NMART03.pdf,https://s3.amazonaws.com/dl.ncsbe.gov/data/SampleBallots/2009-11-03.zip
9NMART04.pdf,https://s3.amazonaws.com/dl.ncsbe.gov/data/SampleBallots/2009-11-03.zip
9NMART05.pdf,https://s3.amazonaws.com/dl.ncsbe.gov/data/SampleBallots/2009-11-03.zip
9NMART06.pdf,https://s3.amazonaws.com/dl.ncsbe.gov/data/SampleBallots/2009-11-03.zip
9NMCDO01.pdf,https://s3.amazonaws.com/dl.ncsbe.gov/data/SampleBallots/2009-11-03.zip
9NMCDO02.pdf,https://s3.amazonaws.com/dl.ncsbe.gov/data/SampleBallots/2009-11-03.zip
9NMCDO03.pdf,https://s3.amazonaws.com/dl.ncsbe.gov/data/SampleBallots/2009-11-03.zip
9NMCDO04.pdf,https://s3.amazonaws.com/dl.ncsbe.gov/data/SampleBallots/2009-11-03.zip
9NMCDO05.pdf,https://s3.amazonaws.com/dl.ncsbe.gov/data/SampleBallots/2009-11-03.zip
9NMCDO06.pdf,https://s3.amazonaws.com/dl.ncsbe.gov/data/SampleBallots/2009-11-03.zip
9NMCDO07.pdf,https://s3.amazonaws.com/dl.ncsbe.gov/data/SampleBallots/2009-11-03.zip
9NMCDO08.pdf,https://s3.amazonaws.com/dl.ncsbe.gov/data/SampleBallots/2009-11-03.zip
9NMCDO09.pdf,https://s3.amazonaws.com/dl.ncsbe.gov/data/SampleBallots/2009-11-03.zip
9NMCDO10.pdf,https://s3.amazonaws.com/dl.ncsbe.gov/data/SampleBallots/2009-11-03.zip
9NMCDO11.pdf,https://s3.amazonaws.com/dl.ncsbe.gov/data/SampleBallots/2009-11-03.zip
9NMCDO12.pdf,https://s3.amazonaws.com/dl.ncsbe.gov/data/SampleBallots/2009-11-03.zip
9NMECK01.pdf,https://s3.amazonaws.com/dl.ncsbe.gov/data/SampleBallots/2009-11-03.zip
9NMECK02.pdf,https://s3.amazonaws.com/dl.ncsbe.gov/data/SampleBallots/2009-11-03.zip
9NMECK03.pdf,https://s3.amazonaws.com/dl.ncsbe.gov/data/SampleBallots/2009-11-03.zip
9NMECK04.pdf,https://s3.amazonaws.com/dl.ncsbe.gov/data/SampleBallots/2009-11-03.zip
9NMECK05.pdf,https://s3.amazonaws.com/dl.ncsbe.gov/data/SampleBallots/2009-11-03.zip
9NMECK06.pdf,https://s3.amazonaws.com/dl.ncsbe.gov/data/SampleBallots/2009-11-03.zip
9NMECK07.pdf,https://s3.amazonaws.com/dl.ncsbe.gov/data/SampleBallots/2009-11-03.zip
9NMECK08.pdf,https://s3.amazonaws.com/dl.ncsbe.gov/data/SampleBallots/2009-11-03.zip
9NMECK09.pdf,https://s3.amazonaws.com/dl.ncsbe.gov/data/SampleBallots/2009-11-03.zip
9NMECK10.pdf,https://s3.amazonaws.com/dl.ncsbe.gov/data/SampleBallots/2009-11-03.zip
9NMECK11.pdf,https://s3.amazonaws.com/dl.ncsbe.gov/data/SampleBallots/2009-11-03.zip
9NMECK12.pdf,https://s3.amazonaws.com/dl.ncsbe.gov/data/SampleBallots/2009-11-03.zip
9NMECK13.pdf,https://s3.amazonaws.com/dl.ncsbe.gov/data/SampleBallots/2009-11-03.zip
9NMECK14.pdf,https://s3.amazonaws.com/dl.ncsbe.gov/data/SampleBallots/2009-11-03.zip
9NMECK15.pdf,https://s3.amazonaws.com/dl.ncsbe.gov/data/SampleBallots/2009-11-03.zip
9NMECK16.pdf,https://s3.amazonaws.com/dl.ncsbe.gov/data/SampleBallots/2009-11-03.zip
9NMECK17.pdf,https://s3.amazonaws.com/dl.ncsbe.gov/data/SampleBallots/2009-11-03.zip
9NMECK18.pdf,https://s3.amazonaws.com/dl.ncsbe.gov/data/SampleBallots/2009-11-03.zip
9NMECK19.pdf,https://s3.amazonaws.com/dl.ncsbe.gov/data/SampleBallots/2009-11-03.zip
9NMECK20.pdf,https://s3.amazonaws.com/dl.ncsbe.gov/data/SampleBallots/2009-11-03.zip
9NMECK21.pdf,https://s3.amazonaws.com/dl.ncsbe.gov/data/SampleBallots/2009-11-03.zip
9NMECK22.pdf,https://s3.amazonaws.com/dl.ncsbe.gov/data/SampleBallots/2009-11-03.zip
9NMECK23.pdf,https://s3.amazonaws.com/dl.ncsbe.gov/data/SampleBallots/2009-11-03.zip
9NMECK24.pdf,https://s3.amazonaws.com/dl.ncsbe.gov/data/SampleBallots/2009-11-03.zip
9NMECK25.pdf,https://s3.amazonaws.com/dl.ncsbe.gov/data/SampleBallots/2009-11-03.zip
9NMECK26.pdf,https://s3.amazonaws.com/dl.ncsbe.gov/data/SampleBallots/2009-11-03.zip
9NMECK27.pdf,https://s3.amazonaws.com/dl.ncsbe.gov/data/SampleBallots/2009-11-03.zip
9NMECK28.pdf,https://s3.amazonaws.com/dl.ncsbe.gov/data/SampleBallots/2009-11-03.zip
9NMECK29.pdf,https://s3.amazonaws.com/dl.ncsbe.gov/data/SampleBallots/2009-11-03.zip
9NMECK30.pdf,https://s3.amazonaws.com/dl.ncsbe.gov/data/SampleBallots/2009-11-03.zip
9NMITC01.pdf,https://s3.amazonaws.com/dl.ncsbe.gov/data/SampleBallots/2009-11-03.zip
9NMITC02.pdf,https://s3.amazonaws.com/dl.ncsbe.gov/data/SampleBallots/2009-11-03.zip
9NMONT01.pdf,https://s3.amazonaws.com/dl.ncsbe.gov/data/SampleBallots/2009-11-03.zip
9NMONT02.pdf,https://s3.amazonaws.com/dl.ncsbe.gov/data/SampleBallots/2009-11-03.zip
9NMONT03.pdf,https://s3.amazonaws.com/dl.ncsbe.gov/data/SampleBallots/2009-11-03.zip
9NMONT04.pdf,https://s3.amazonaws.com/dl.ncsbe.gov/data/SampleBallots/2009-11-03.zip
9NMONT05.pdf,https://s3.amazonaws.com/dl.ncsbe.gov/data/SampleBallots/2009-11-03.zip
9NMONT06.pdf,https://s3.amazonaws.com/dl.ncsbe.gov/data/SampleBallots/2009-11-03.zip
9NMOOR01.pdf,https://s3.amazonaws.com/dl.ncsbe.gov/data/SampleBallots/2009-11-03.zip
9NMOOR02.pdf,https://s3.amazonaws.com/dl.ncsbe.gov/data/SampleBallots/2009-11-03.zip
9NMOOR03.pdf,https://s3.amazonaws.com/dl.ncsbe.gov/data/SampleBallots/2009-11-03.zip
9NMOOR04.pdf,https://s3.amazonaws.com/dl.ncsbe.gov/data/SampleBallots/2009-11-03.zip
9NMOOR05.pdf,https://s3.amazonaws.com/dl.ncsbe.gov/data/SampleBallots/2009-11-03.zip
9NMOOR06.pdf,https://s3.amazonaws.com/dl.ncsbe.gov/data/SampleBallots/2009-11-03.zip
9NMOOR07.pdf,https://s3.amazonaws.com/dl.ncsbe.gov/data/SampleBallots/2009-11-03.zip
9NMOOR08.pdf,https://s3.amazonaws.com/dl.ncsbe.gov/data/SampleBallots/2009-11-03.zip
9NMOOR09.pdf,https://s3.amazonaws.com/dl.ncsbe.gov/data/SampleBallots/2009-11-03.zip
9NMOOR10.pdf,https://s3.amazonaws.com/dl.ncsbe.gov/data/SampleBallots/2009-11-03.zip
9NMOOR11.pdf,https://s3.amazonaws.com/dl.ncsbe.gov/data/SampleBallots/2009-11-03.zip
9NNASH01.pdf,https://s3.amazonaws.com/dl.ncsbe.gov/data/SampleBallots/2009-11-03.zip
9NNASH03.pdf,https://s3.amazonaws.com/dl.ncsbe.gov/data/SampleBallots/2009-11-03.zip
9NNASH04.pdf,https://s3.amazonaws.com/dl.ncsbe.gov/data/SampleBallots/2009-11-03.zip
9NNASH05.pdf,https://s3.amazonaws.com/dl.ncsbe.gov/data/SampleBallots/2009-11-03.zip
9NNASH06.pdf,https://s3.amazonaws.com/dl.ncsbe.gov/data/SampleBallots/2009-11-03.zip
9NNASH07.pdf,https://s3.amazonaws.com/dl.ncsbe.gov/data/SampleBallots/2009-11-03.zip
9NNASH09.pdf,https://s3.amazonaws.com/dl.ncsbe.gov/data/SampleBallots/2009-11-03.zip
9NNASH11.pdf,https://s3.amazonaws.com/dl.ncsbe.gov/data/SampleBallots/2009-11-03.zip
9NNEWH01.pdf,https://s3.amazonaws.com/dl.ncsbe.gov/data/SampleBallots/2009-11-03.zip
9NNEWH02.pdf,https://s3.amazonaws.com/dl.ncsbe.gov/data/SampleBallots/2009-11-03.zip
9NNEWH03.pdf,https://s3.amazonaws.com/dl.ncsbe.gov/data/SampleBallots/2009-11-03.zip
9NNEWH04.pdf,https://s3.amazonaws.com/dl.ncsbe.gov/data/SampleBallots/2009-11-03.zip
9NNORT01.pdf,https://s3.amazonaws.com/dl.ncsbe.gov/data/SampleBallots/2009-11-03.zip
9NNORT02.pdf,https://s3.amazonaws.com/dl.ncsbe.gov/data/SampleBallots/2009-11-03.zip
9NNORT03.pdf,https://s3.amazonaws.com/dl.ncsbe.gov/data/SampleBallots/2009-11-03.zip
9NNORT04.pdf,https://s3.amazonaws.com/dl.ncsbe.gov/data/SampleBallots/2009-11-03.zip
9NNORT05.pdf,https://s3.amazonaws.com/dl.ncsbe.gov/data/SampleBallots/2009-11-03.zip
9NNORT06.pdf,https://s3.amazonaws.com/dl.ncsbe.gov/data/SampleBallots/2009-11-03.zip
9NNORT07.pdf,https://s3.amazonaws.com/dl.ncsbe.gov/data/SampleBallots/2009-11-03.zip
9NNORT08.pdf,https://s3.amazonaws.com/dl.ncsbe.gov/data/SampleBallots/2009-11-03.zip
9NNORT09.pdf,https://s3.amazonaws.com/dl.ncsbe.gov/data/SampleBallots/2009-11-03.zip
9NNORT10.pdf,https://s3.amazonaws.com/dl.ncsbe.gov/data/SampleBallots/2009-11-03.zip
9NONSL01.pdf,https://s3.amazonaws.com/dl.ncsbe.gov/data/SampleBallots/2009-11-03.zip
9NONSL02.pdf,https://s3.amazonaws.com/dl.ncsbe.gov/data/SampleBallots/2009-11-03.zip
9NONSL03.pdf,https://s3.amazonaws.com/dl.ncsbe.gov/data/SampleBallots/2009-11-03.zip
9NONSL04.pdf,https://s3.amazonaws.com/dl.ncsbe.gov/data/SampleBallots/2009-11-03.zip
9NONSL05.pdf,https://s3.amazonaws.com/dl.ncsbe.gov/data/SampleBallots/2009-11-03.zip
9NONSL06.pdf,https://s3.amazonaws.com/dl.ncsbe.gov/data/SampleBallots/2009-11-03.zip
9NONSL07.pdf,https://s3.amazonaws.com/dl.ncsbe.gov/data/SampleBallots/2009-11-03.zip
9NORAN01.pdf,https://s3.amazonaws.com/dl.ncsbe.gov/data/SampleBallots/2009-11-03.zip
9NORAN02.pdf,https://s3.amazonaws.com/dl.ncsbe.gov/data/SampleBallots/2009-11-03.zip
9NORAN03.pdf,https://s3.amazonaws.com/dl.ncsbe.gov/data/SampleBallots/2009-11-03.zip
9NORAN04.pdf,https://s3.amazonaws.com/dl.ncsbe.gov/data/SampleBallots/2009-11-03.zip
9NPAML01.pdf,https://s3.amazonaws.com/dl.ncsbe.gov/data/SampleBallots/2009-11-03.zip
9NPAML02.pdf,https://s3.amazonaws.com/dl.ncsbe.gov/data/SampleBallots/2009-11-03.zip
9NPAML03.pdf,https://s3.amazonaws.com/dl.ncsbe.gov/data/SampleBallots/2009-11-03.zip
9NPAML04.pdf,https://s3.amazonaws.com/dl.ncsbe.gov/data/SampleBallots/2009-11-03.zip
9NPAML05.pdf,https://s3.amazonaws.com/dl.ncsbe.gov/data/SampleBallots/2009-11-03.zip
9NPAML06.pdf,https://s3.amazonaws.com/dl.ncsbe.gov/data/SampleBallots/2009-11-03.zip
9NPAML07.pdf,https://s3.amazonaws.com/dl.ncsbe.gov/data/SampleBallots/2009-11-03.zip
9NPAML08.pdf,https://s3.amazonaws.com/dl.ncsbe.gov/data/SampleBallots/2009-11-03.zip
9NPAML09.pdf,https://s3.amazonaws.com/dl.ncsbe.gov/data/SampleBallots/2009-11-03.zip
9NPASQ01.pdf,https://s3.amazonaws.com/dl.ncsbe.gov/data/SampleBallots/2009-11-03.zip
9NPASQ02.pdf,https://s3.amazonaws.com/dl.ncsbe.gov/data/SampleBallots/2009-11-03.zip
9NPEND01.pdf,https://s3.amazonaws.com/dl.ncsbe.gov/data/SampleBallots/2009-11-03.zip
9NPEND02.pdf,https://s3.amazonaws.com/dl.ncsbe.gov/data/SampleBallots/2009-11-03.zip
9NPEND03.pdf,https://s3.amazonaws.com/dl.ncsbe.gov/data/SampleBallots/2009-11-03.zip
9NPEND04.pdf,https://s3.amazonaws.com/dl.ncsbe.gov/data/SampleBallots/2009-11-03.zip
9NPEND05.pdf,https://s3.amazonaws.com/dl.ncsbe.gov/data/SampleBallots/2009-11-03.zip
9NPEND06.pdf,https://s3.amazonaws.com/dl.ncsbe.gov/data/SampleBallots/2009-11-03.zip
9NPEND07.pdf,https://s3.amazonaws.com/dl.ncsbe.gov/data/SampleBallots/2009-11-03.zip
9NPEND08.pdf,https://s3.amazonaws.com/dl.ncsbe.gov/data/SampleBallots/2009-11-03.zip
9NPEND09.pdf,https://s3.amazonaws.com/dl.ncsbe.gov/data/SampleBallots/2009-11-03.zip
9NPERQ01.pdf,https://s3.amazonaws.com/dl.ncsbe.gov/data/SampleBallots/2009-11-03.zip
9NPERQ02.pdf,https://s3.amazonaws.com/dl.ncsbe.gov/data/SampleBallots/2009-11-03.zip
9NPERQ03.pdf,https://s3.amazonaws.com/dl.ncsbe.gov/data/SampleBallots/2009-11-03.zip
9NPITT01.pdf,https://s3.amazonaws.com/dl.ncsbe.gov/data/SampleBallots/2009-11-03.zip
9NPITT02.pdf,https://s3.amazonaws.com/dl.ncsbe.gov/data/SampleBallots/2009-11-03.zip
9NPITT03.pdf,https://s3.amazonaws.com/dl.ncsbe.gov/data/SampleBallots/2009-11-03.zip
9NPITT04.pdf,https://s3.amazonaws.com/dl.ncsbe.gov/data/SampleBallots/2009-11-03.zip
9NPITT05.pdf,https://s3.amazonaws.com/dl.ncsbe.gov/data/SampleBallots/2009-11-03.zip
9NPITT06.pdf,https://s3.amazonaws.com/dl.ncsbe.gov/data/SampleBallots/2009-11-03.zip
9NPITT07.pdf,https://s3.amazonaws.com/dl.ncsbe.gov/data/SampleBallots/2009-11-03.zip
9NPITT08.pdf,https://s3.amazonaws.com/dl.ncsbe.gov/data/SampleBallots/2009-11-03.zip
9NPITT09.pdf,https://s3.amazonaws.com/dl.ncsbe.gov/data/SampleBallots/2009-11-03.zip
9NPITT10.pdf,https://s3.amazonaws.com/dl.ncsbe.gov/data/SampleBallots/2009-11-03.zip
9NPITT11.pdf,https://s3.amazonaws.com/dl.ncsbe.gov/data/SampleBallots/2009-11-03.zip
9NPITT12.pdf,https://s3.amazonaws.com/dl.ncsbe.gov/data/SampleBallots/2009-11-03.zip
9NPITT13.pdf,https://s3.amazonaws.com/dl.ncsbe.gov/data/SampleBallots/2009-11-03.zip
9NPITT14.pdf,https://s3.amazonaws.com/dl.ncsbe.gov/data/SampleBallots/2009-11-03.zip
9NPOLK01.pdf,https://s3.amazonaws.com/dl.ncsbe.gov/data/SampleBallots/2009-11-03.zip
9NPOLK02.pdf,https://s3.amazonaws.com/dl.ncsbe.gov/data/SampleBallots/2009-11-03.zip
9NPOLK03.pdf,https://s3.amazonaws.com/dl.ncsbe.gov/data/SampleBallots/2009-11-03.zip
9NPOLK04.pdf,https://s3.amazonaws.com/dl.ncsbe.gov/data/SampleBallots/2009-11-03.zip
9NRAND01.pdf,https://s3.amazonaws.com/dl.ncsbe.gov/data/SampleBallots/2009-11-03.zip
9NRAND02.pdf,https://s3.amazonaws.com/dl.ncsbe.gov/data/SampleBallots/2009-11-03.zip
9NRAND03.pdf,https://s3.amazonaws.com/dl.ncsbe.gov/data/SampleBallots/2009-11-03.zip
9NRAND04.pdf,https://s3.amazonaws.com/dl.ncsbe.gov/data/SampleBallots/2009-11-03.zip
9NRAND05.pdf,https://s3.amazonaws.com/dl.ncsbe.gov/data/SampleBallots/2009-11-03.zip
9NRAND06.pdf,https://s3.amazonaws.com/dl.ncsbe.gov/data/SampleBallots/2009-11-03.zip
9NRAND07.pdf,https://s3.amazonaws.com/dl.ncsbe.gov/data/SampleBallots/2009-11-03.zip
9NRAND08.pdf,https://s3.amazonaws.com/dl.ncsbe.gov/data/SampleBallots/2009-11-03.zip
9NRAND09.pdf,https://s3.amazonaws.com/dl.ncsbe.gov/data/SampleBallots/2009-11-03.zip
9NRAND10.pdf,https://s3.amazonaws.com/dl.ncsbe.gov/data/SampleBallots/2009-11-03.zip
9NRICH01.pdf,https://s3.amazonaws.com/dl.ncsbe.gov/data/SampleBallots/2009-11-03.zip
9NRICH02.pdf,https://s3.amazonaws.com/dl.ncsbe.gov/data/SampleBallots/2009-11-03.zip
9NRICH03.pdf,https://s3.amazonaws.com/dl.ncsbe.gov/data/SampleBallots/2009-11-03.zip
9NRICH04.pdf,https://s3.amazonaws.com/dl.ncsbe.gov/data/SampleBallots/2009-11-03.zip
9NRICH05.pdf,https://s3.amazonaws.com/dl.ncsbe.gov/data/SampleBallots/2009-11-03.zip
9NRICH07.pdf,https://s3.amazonaws.com/dl.ncsbe.gov/data/SampleBallots/2009-11-03.zip
9NRICH08.pdf,https://s3.amazonaws.com/dl.ncsbe.gov/data/SampleBallots/2009-11-03.zip
9NRICH09.pdf,https://s3.amazonaws.com/dl.ncsbe.gov/data/SampleBallots/2009-11-03.zip
9NROBE01.pdf,https://s3.amazonaws.com/dl.ncsbe.gov/data/SampleBallots/2009-11-03.zip
9NROBE02.pdf,https://s3.amazonaws.com/dl.ncsbe.gov/data/SampleBallots/2009-11-03.zip
9NROBE03.pdf,https://s3.amazonaws.com/dl.ncsbe.gov/data/SampleBallots/2009-11-03.zip
9NROBE04.pdf,https://s3.amazonaws.com/dl.ncsbe.gov/data/SampleBallots/2009-11-03.zip
9NROBE05.pdf,https://s3.amazonaws.com/dl.ncsbe.gov/data/SampleBallots/2009-11-03.zip
9NROBE06.pdf,https://s3.amazonaws.com/dl.ncsbe.gov/data/SampleBallots/2009-11-03.zip
9NROBE07.pdf,https://s3.amazonaws.com/dl.ncsbe.gov/data/SampleBallots/2009-11-03.zip
9NROBE08.pdf,https://s3.amazonaws.com/dl.ncsbe.gov/data/SampleBallots/2009-11-03.zip
9NROBE09.pdf,https://s3.amazonaws.com/dl.ncsbe.gov/data/SampleBallots/2009-11-03.zip
9NROBE10.pdf,https://s3.amazonaws.com/dl.ncsbe.gov/data/SampleBallots/2009-11-03.zip
9NROBE11.pdf,https://s3.amazonaws.com/dl.ncsbe.gov/data/SampleBallots/2009-11-03.zip
9NROBE12.pdf,https://s3.amazonaws.com/dl.ncsbe.gov/data/SampleBallots/2009-11-03.zip
9NROBE13.pdf,https://s3.amazonaws.com/dl.ncsbe.gov/data/SampleBallots/2009-11-03.zip
9NROBE14.pdf,https://s3.amazonaws.com/dl.ncsbe.gov/data/SampleBallots/2009-11-03.zip
9NROBE15.pdf,https://s3.amazonaws.com/dl.ncsbe.gov/data/SampleBallots/2009-11-03.zip
9NROBE16.pdf,https://s3.amazonaws.com/dl.ncsbe.gov/data/SampleBallots/2009-11-03.zip
9NROBE17.pdf,https://s3.amazonaws.com/dl.ncsbe.gov/data/SampleBallots/2009-11-03.zip
9NROBE18.pdf,https://s3.amazonaws.com/dl.ncsbe.gov/data/SampleBallots/2009-11-03.zip
9NROBE19.pdf,https://s3.amazonaws.com/dl.ncsbe.gov/data/SampleBallots/2009-11-03.zip
9NROBE20.pdf,https://s3.amazonaws.com/dl.ncsbe.gov/data/SampleBallots/2009-11-03.zip
9NROBE21.pdf,https://s3.amazonaws.com/dl.ncsbe.gov/data/SampleBallots/2009-11-03.zip
9NROCK01.pdf,https://s3.amazonaws.com/dl.ncsbe.gov/data/SampleBallots/2009-11-03.zip
9NROCK03.pdf,https://s3.amazonaws.com/dl.ncsbe.gov/data/SampleBallots/2009-11-03.zip
9NROCK04.pdf,https://s3.amazonaws.com/dl.ncsbe.gov/data/SampleBallots/2009-11-03.zip
9NROCK05.pdf,https://s3.amazonaws.com/dl.ncsbe.gov/data/SampleBallots/2009-11-03.zip
9NROCK06.pdf,https://s3.amazonaws.com/dl.ncsbe.gov/data/SampleBallots/2009-11-03.zip
9NROCK07.pdf,https://s3.amazonaws.com/dl.ncsbe.gov/data/SampleBallots/2009-11-03.zip
9NROCK08.pdf,https://s3.amazonaws.com/dl.ncsbe.gov/data/SampleBallots/2009-11-03.zip
9NROCK09.pdf,https://s3.amazonaws.com/dl.ncsbe.gov/data/SampleBallots/2009-11-03.zip
9NROWA01.pdf,https://s3.amazonaws.com/dl.ncsbe.gov/data/SampleBallots/2009-11-03.zip
9NROWA02.pdf,https://s3.amazonaws.com/dl.ncsbe.gov/data/SampleBallots/2009-11-03.zip
9NROWA03.pdf,https://s3.amazonaws.com/dl.ncsbe.gov/data/SampleBallots/2009-11-03.zip
9NROWA04.pdf,https://s3.amazonaws.com/dl.ncsbe.gov/data/SampleBallots/2009-11-03.zip
9NROWA05.pdf,https://s3.amazonaws.com/dl.ncsbe.gov/data/SampleBallots/2009-11-03.zip
9NROWA06.pdf,https://s3.amazonaws.com/dl.ncsbe.gov/data/SampleBallots/2009-11-03.zip
9NROWA07.pdf,https://s3.amazonaws.com/dl.ncsbe.gov/data/SampleBallots/2009-11-03.zip
9NROWA08.pdf,https://s3.amazonaws.com/dl.ncsbe.gov/data/SampleBallots/2009-11-03.zip
9NROWA09.pdf,https://s3.amazonaws.com/dl.ncsbe.gov/data/SampleBallots/2009-11-03.zip
9NROWA10.pdf,https://s3.amazonaws.com/dl.ncsbe.gov/data/SampleBallots/2009-11-03.zip
9NROWA11.pdf,https://s3.amazonaws.com/dl.ncsbe.gov/data/SampleBallots/2009-11-03.zip
9NRUTH01.pdf,https://s3.amazonaws.com/dl.ncsbe.gov/data/SampleBallots/2009-11-03.zip
9NRUTH02.pdf,https://s3.amazonaws.com/dl.ncsbe.gov/data/SampleBallots/2009-11-03.zip
9NRUTH03.pdf,https://s3.amazonaws.com/dl.ncsbe.gov/data/SampleBallots/2009-11-03.zip
9NRUTH04.pdf,https://s3.amazonaws.com/dl.ncsbe.gov/data/SampleBallots/2009-11-03.zip
9NRUTH05.pdf,https://s3.amazonaws.com/dl.ncsbe.gov/data/SampleBallots/2009-11-03.zip
9NRUTH06.pdf,https://s3.amazonaws.com/dl.ncsbe.gov/data/SampleBallots/2009-11-03.zip
9NRUTH07.pdf,https://s3.amazonaws.com/dl.ncsbe.gov/data/SampleBallots/2009-11-03.zip
9NRUTH08.pdf,https://s3.amazonaws.com/dl.ncsbe.gov/data/SampleBallots/2009-11-03.zip
9NSAMP01.pdf,https://s3.amazonaws.com/dl.ncsbe.gov/data/SampleBallots/2009-11-03.zip
9NSAMP02.pdf,https://s3.amazonaws.com/dl.ncsbe.gov/data/SampleBallots/2009-11-03.zip
9NSAMP03.pdf,https://s3.amazonaws.com/dl.ncsbe.gov/data/SampleBallots/2009-11-03.zip
9NSAMP04.pdf,https://s3.amazonaws.com/dl.ncsbe.gov/data/SampleBallots/2009-11-03.zip
9NSAMP05.pdf,https://s3.amazonaws.com/dl.ncsbe.gov/data/SampleBallots/2009-11-03.zip
9NSAMP06.pdf,https://s3.amazonaws.com/dl.ncsbe.gov/data/SampleBallots/2009-11-03.zip
9NSAMP07.pdf,https://s3.amazonaws.com/dl.ncsbe.gov/data/SampleBallots/2009-11-03.zip
9NSAMP08.pdf,https://s3.amazonaws.com/dl.ncsbe.gov/data/SampleBallots/2009-11-03.zip
9NSAMP09.pdf,https://s3.amazonaws.com/dl.ncsbe.gov/data/SampleBallots/2009-11-03.zip
9NSAMP10.pdf,https://s3.amazonaws.com/dl.ncsbe.gov/data/SampleBallots/2009-11-03.zip
9NSAMP11.pdf,https://s3.amazonaws.com/dl.ncsbe.gov/data/SampleBallots/2009-11-03.zip
9NSCOT01.pdf,https://s3.amazonaws.com/dl.ncsbe.gov/data/SampleBallots/2009-11-03.zip
9NSCOT02.pdf,https://s3.amazonaws.com/dl.ncsbe.gov/data/SampleBallots/2009-11-03.zip
9NSCOT03.pdf,https://s3.amazonaws.com/dl.ncsbe.gov/data/SampleBallots/2009-11-03.zip
9NSCOT04.pdf,https://s3.amazonaws.com/dl.ncsbe.gov/data/SampleBallots/2009-11-03.zip
9NSCOT05.pdf,https://s3.amazonaws.com/dl.ncsbe.gov/data/SampleBallots/2009-11-03.zip
9NSTAN01.pdf,https://s3.amazonaws.com/dl.ncsbe.gov/data/SampleBallots/2009-11-03.zip
9NSTAN02.pdf,https://s3.amazonaws.com/dl.ncsbe.gov/data/SampleBallots/2009-11-03.zip
9NSTAN03.pdf,https://s3.amazonaws.com/dl.ncsbe.gov/data/SampleBallots/2009-11-03.zip
9NSTAN04.pdf,https://s3.amazonaws.com/dl.ncsbe.gov/data/SampleBallots/2009-11-03.zip
9NSTAN05.pdf,https://s3.amazonaws.com/dl.ncsbe.gov/data/SampleBallots/2009-11-03.zip
9NSTAN06.pdf,https://s3.amazonaws.com/dl.ncsbe.gov/data/SampleBallots/2009-11-03.zip
9NSTAN07.pdf,https://s3.amazonaws.com/dl.ncsbe.gov/data/SampleBallots/2009-11-03.zip
9NSTAN08.pdf,https://s3.amazonaws.com/dl.ncsbe.gov/data/SampleBallots/2009-11-03.zip
9NSTAN09.pdf,https://s3.amazonaws.com/dl.ncsbe.gov/data/SampleBallots/2009-11-03.zip
9NSTAN10.pdf,https://s3.amazonaws.com/dl.ncsbe.gov/data/SampleBallots/2009-11-03.zip
9NSTAN11.pdf,https://s3.amazonaws.com/dl.ncsbe.gov/data/SampleBallots/2009-11-03.zip
9NSTAN12.pdf,https://s3.amazonaws.com/dl.ncsbe.gov/data/SampleBallots/2009-11-03.zip
9NSTAN13.pdf,https://s3.amazonaws.com/dl.ncsbe.gov/data/SampleBallots/2009-11-03.zip
9NSTOK01.pdf,https://s3.amazonaws.com/dl.ncsbe.gov/data/SampleBallots/2009-11-03.zip
9NSTOK02.pdf,https://s3.amazonaws.com/dl.ncsbe.gov/data/SampleBallots/2009-11-03.zip
9NSTOK03.pdf,https://s3.amazonaws.com/dl.ncsbe.gov/data/SampleBallots/2009-11-03.zip
9NSURR01.pdf,https://s3.amazonaws.com/dl.ncsbe.gov/data/SampleBallots/2009-11-03.zip
9NSURR02.pdf,https://s3.amazonaws.com/dl.ncsbe.gov/data/SampleBallots/2009-11-03.zip
9NSURR03.pdf,https://s3.amazonaws.com/dl.ncsbe.gov/data/SampleBallots/2009-11-03.zip
9NSURR04.pdf,https://s3.amazonaws.com/dl.ncsbe.gov/data/SampleBallots/2009-11-03.zip
9NSURR05.pdf,https://s3.amazonaws.com/dl.ncsbe.gov/data/SampleBallots/2009-11-03.zip
9NSURR06.pdf,https://s3.amazonaws.com/dl.ncsbe.gov/data/SampleBallots/2009-11-03.zip
9NSURR07.pdf,https://s3.amazonaws.com/dl.ncsbe.gov/data/SampleBallots/2009-11-03.zip
9NSURR08.pdf,https://s3.amazonaws.com/dl.ncsbe.gov/data/SampleBallots/2009-11-03.zip
9NSURR09.pdf,https://s3.amazonaws.com/dl.ncsbe.gov/data/SampleBallots/2009-11-03.zip
9NSURR10.pdf,https://s3.amazonaws.com/dl.ncsbe.gov/data/SampleBallots/2009-11-03.zip
9NSURR11.pdf,https://s3.amazonaws.com/dl.ncsbe.gov/data/SampleBallots/2009-11-03.zip
9NSURR12.pdf,https://s3.amazonaws.com/dl.ncsbe.gov/data/SampleBallots/2009-11-03.zip
9NSURR13.pdf,https://s3.amazonaws.com/dl.ncsbe.gov/data/SampleBallots/2009-11-03.zip
9NSWAI01.pdf,https://s3.amazonaws.com/dl.ncsbe.gov/data/SampleBallots/2009-11-03.zip
9NSWAI02.pdf,https://s3.amazonaws.com/dl.ncsbe.gov/data/SampleBallots/2009-11-03.zip
9NTRAN01.pdf,https://s3.amazonaws.com/dl.ncsbe.gov/data/SampleBallots/2009-11-03.zip
9NTRAN02.pdf,https://s3.amazonaws.com/dl.ncsbe.gov/data/SampleBallots/2009-11-03.zip
9NTRAN03.pdf,https://s3.amazonaws.com/dl.ncsbe.gov/data/SampleBallots/2009-11-03.zip
9NTRAN04.pdf,https://s3.amazonaws.com/dl.ncsbe.gov/data/SampleBallots/2009-11-03.zip
9NTRAN05.pdf,https://s3.amazonaws.com/dl.ncsbe.gov/data/SampleBallots/2009-11-03.zip
9NTRAN06.pdf,https://s3.amazonaws.com/dl.ncsbe.gov/data/SampleBallots/2009-11-03.zip
9NTRAN07.pdf,https://s3.amazonaws.com/dl.ncsbe.gov/data/SampleBallots/2009-11-03.zip
9NTYRR01.pdf,https://s3.amazonaws.com/dl.ncsbe.gov/data/SampleBallots/2009-11-03.zip
9NUNIO02.pdf,https://s3.amazonaws.com/dl.ncsbe.gov/data/SampleBallots/2009-11-03.zip
9NUNIO03.pdf,https://s3.amazonaws.com/dl.ncsbe.gov/data/SampleBallots/2009-11-03.zip
9NUNIO04.pdf,https://s3.amazonaws.com/dl.ncsbe.gov/data/SampleBallots/2009-11-03.zip
9NUNIO05.pdf,https://s3.amazonaws.com/dl.ncsbe.gov/data/SampleBallots/2009-11-03.zip
9NUNIO06.pdf,https://s3.amazonaws.com/dl.ncsbe.gov/data/SampleBallots/2009-11-03.zip
9NUNIO07.pdf,https://s3.amazonaws.com/dl.ncsbe.gov/data/SampleBallots/2009-11-03.zip
9NUNIO08.pdf,https://s3.amazonaws.com/dl.ncsbe.gov/data/SampleBallots/2009-11-03.zip
9NUNIO09.pdf,https://s3.amazonaws.com/dl.ncsbe.gov/data/SampleBallots/2009-11-03.zip
9NUNIO10.pdf,https://s3.amazonaws.com/dl.ncsbe.gov/data/SampleBallots/2009-11-03.zip
9NUNIO11.pdf,https://s3.amazonaws.com/dl.ncsbe.gov/data/SampleBallots/2009-11-03.zip
9NUNIO12.pdf,https://s3.amazonaws.com/dl.ncsbe.gov/data/SampleBallots/2009-11-03.zip
9NUNIO13.pdf,https://s3.amazonaws.com/dl.ncsbe.gov/data/SampleBallots/2009-11-03.zip
9NUNIO14.pdf,https://s3.amazonaws.com/dl.ncsbe.gov/data/SampleBallots/2009-11-03.zip
9NVANC01.pdf,https://s3.amazonaws.com/dl.ncsbe.gov/data/SampleBallots/2009-11-03.zip
9NVANC02.pdf,https://s3.amazonaws.com/dl.ncsbe.gov/data/SampleBallots/2009-11-03.zip
9NWAKE03.pdf,https://s3.amazonaws.com/dl.ncsbe.gov/data/SampleBallots/2009-11-03.zip
9NWAKE04.pdf,https://s3.amazonaws.com/dl.ncsbe.gov/data/SampleBallots/2009-11-03.zip
9NWAKE05.pdf,https://s3.amazonaws.com/dl.ncsbe.gov/data/SampleBallots/2009-11-03.zip
9NWAKE06.pdf,https://s3.amazonaws.com/dl.ncsbe.gov/data/SampleBallots/2009-11-03.zip
9NWAKE09.pdf,https://s3.amazonaws.com/dl.ncsbe.gov/data/SampleBallots/2009-11-03.zip
9NWAKE11.pdf,https://s3.amazonaws.com/dl.ncsbe.gov/data/SampleBallots/2009-11-03.zip
9NWAKE12.pdf,https://s3.amazonaws.com/dl.ncsbe.gov/data/SampleBallots/2009-11-03.zip
9NWAKE13.pdf,https://s3.amazonaws.com/dl.ncsbe.gov/data/SampleBallots/2009-11-03.zip
9NWAKE14.pdf,https://s3.amazonaws.com/dl.ncsbe.gov/data/SampleBallots/2009-11-03.zip
9NWAKE15.pdf,https://s3.amazonaws.com/dl.ncsbe.gov/data/SampleBallots/2009-11-03.zip
9NWAKE16.pdf,https://s3.amazonaws.com/dl.ncsbe.gov/data/SampleBallots/2009-11-03.zip
9NWAKE17.pdf,https://s3.amazonaws.com/dl.ncsbe.gov/data/SampleBallots/2009-11-03.zip
9NWAKE18.pdf,https://s3.amazonaws.com/dl.ncsbe.gov/data/SampleBallots/2009-11-03.zip
9NWAKE19.pdf,https://s3.amazonaws.com/dl.ncsbe.gov/data/SampleBallots/2009-11-03.zip
9NWAKE22.pdf,https://s3.amazonaws.com/dl.ncsbe.gov/data/SampleBallots/2009-11-03.zip
9NWAKE25.pdf,https://s3.amazonaws.com/dl.ncsbe.gov/data/SampleBallots/2009-11-03.zip
9NWAKE27.pdf,https://s3.amazonaws.com/dl.ncsbe.gov/data/SampleBallots/2009-11-03.zip
9NWARR01.pdf,https://s3.amazonaws.com/dl.ncsbe.gov/data/SampleBallots/2009-11-03.zip
9NWARR02.pdf,https://s3.amazonaws.com/dl.ncsbe.gov/data/SampleBallots/2009-11-03.zip
9NWARR03.pdf,https://s3.amazonaws.com/dl.ncsbe.gov/data/SampleBallots/2009-11-03.zip
9NWARR04.pdf,https://s3.amazonaws.com/dl.ncsbe.gov/data/SampleBallots/2009-11-03.zip
9NWASH01.pdf,https://s3.amazonaws.com/dl.ncsbe.gov/data/SampleBallots/2009-11-03.zip
9NWASH02.pdf,https://s3.amazonaws.com/dl.ncsbe.gov/data/SampleBallots/2009-11-03.zip
9NWASH03.pdf,https://s3.amazonaws.com/dl.ncsbe.gov/data/SampleBallots/2009-11-03.zip
9NWASH04.pdf,https://s3.amazonaws.com/dl.ncsbe.gov/data/SampleBallots/2009-11-03.zip
9NWASH05.pdf,https://s3.amazonaws.com/dl.ncsbe.gov/data/SampleBallots/2009-11-03.zip
9NWASH06.pdf,https://s3.amazonaws.com/dl.ncsbe.gov/data/SampleBallots/2009-11-03.zip
9NWASH07.pdf,https://s3.amazonaws.com/dl.ncsbe.gov/data/SampleBallots/2009-11-03.zip
9NWATA01.pdf,https://s3.amazonaws.com/dl.ncsbe.gov/data/SampleBallots/2009-11-03.zip
9NWATA02.pdf,https://s3.amazonaws.com/dl.ncsbe.gov/data/SampleBallots/2009-11-03.zip
9NWATA03.pdf,https://s3.amazonaws.com/dl.ncsbe.gov/data/SampleBallots/2009-11-03.zip
9NWATA04.pdf,https://s3.amazonaws.com/dl.ncsbe.gov/data/SampleBallots/2009-11-03.zip
9NWAYN01.pdf,https://s3.amazonaws.com/dl.ncsbe.gov/data/SampleBallots/2009-11-03.zip
9NWAYN02.pdf,https://s3.amazonaws.com/dl.ncsbe.gov/data/SampleBallots/2009-11-03.zip
9NWAYN03.pdf,https://s3.amazonaws.com/dl.ncsbe.gov/data/SampleBallots/2009-11-03.zip
9NWAYN04.pdf,https://s3.amazonaws.com/dl.ncsbe.gov/data/SampleBallots/2009-11-03.zip
9NWAYN05.pdf,https://s3.amazonaws.com/dl.ncsbe.gov/data/SampleBallots/2009-11-03.zip
9NWAYN06.pdf,https://s3.amazonaws.com/dl.ncsbe.gov/data/SampleBallots/2009-11-03.zip
9NWAYN07.pdf,https://s3.amazonaws.com/dl.ncsbe.gov/data/SampleBallots/2009-11-03.zip
9NWAYN08.pdf,https://s3.amazonaws.com/dl.ncsbe.gov/data/SampleBallots/2009-11-03.zip
9NWAYN09.pdf,https://s3.amazonaws.com/dl.ncsbe.gov/data/SampleBallots/2009-11-03.zip
9NWAYN10.pdf,https://s3.amazonaws.com/dl.ncsbe.gov/data/SampleBallots/2009-11-03.zip
9NWAYN11.pdf,https://s3.amazonaws.com/dl.ncsbe.gov/data/SampleBallots/2009-11-03.zip
9NWAYN12.pdf,https://s3.amazonaws.com/dl.ncsbe.gov/data/SampleBallots/2009-11-03.zip
9NWAYN13.pdf,https://s3.amazonaws.com/dl.ncsbe.gov/data/SampleBallots/2009-11-03.zip
9NWILK01.pdf,https://s3.amazonaws.com/dl.ncsbe.gov/data/SampleBallots/2009-11-03.zip
9NWILK02.pdf,https://s3.amazonaws.com/dl.ncsbe.gov/data/SampleBallots/2009-11-03.zip
9NWILK03.pdf,https://s3.amazonaws.com/dl.ncsbe.gov/data/SampleBallots/2009-11-03.zip
9NWILS01.pdf,https://s3.amazonaws.com/dl.ncsbe.gov/data/SampleBallots/2009-11-03.zip
9NWILS02.pdf,https://s3.amazonaws.com/dl.ncsbe.gov/data/SampleBallots/2009-11-03.zip
9NWILS03.pdf,https://s3.amazonaws.com/dl.ncsbe.gov/data/SampleBallots/2009-11-03.zip
9NWILS04.pdf,https://s3.amazonaws.com/dl.ncsbe.gov/data/SampleBallots/2009-11-03.zip
9NWILS05.pdf,https://s3.amazonaws.com/dl.ncsbe.gov/data/SampleBallots/2009-11-03.zip
9NWILS06.pdf,https://s3.amazonaws.com/dl.ncsbe.gov/data/SampleBallots/2009-11-03.zip
9NWILS07.pdf,https://s3.amazonaws.com/dl.ncsbe.gov/data/SampleBallots/2009-11-03.zip
9NWILS08.pdf,https://s3.amazonaws.com/dl.ncsbe.gov/data/SampleBallots/2009-11-03.zip
9NWILS09.pdf,https://s3.amazonaws.com/dl.ncsbe.gov/data/SampleBallots/2009-11-03.zip
9NWILS10.pdf,https://s3.amazonaws.com/dl.ncsbe.gov/data/SampleBallots/2009-11-03.zip
9NYADK01.pdf,https://s3.amazonaws.com/dl.ncsbe.gov/data/SampleBallots/2009-11-03.zip
9NYADK02.pdf,https://s3.amazonaws.com/dl.ncsbe.gov/data/SampleBallots/2009-11-03.zip
9NYADK03.pdf,https://s3.amazonaws.com/dl.ncsbe.gov/data/SampleBallots/2009-11-03.zip
9NYADK04.pdf,https://s3.amazonaws.com/dl.ncsbe.gov/data/SampleBallots/2009-11-03.zip
9NYANC01.pdf,https://s3.amazonaws.com/dl.ncsbe.gov/data/SampleBallots/2009-11-03.zip
